id,name,age,address,gender
0,NAME0,7,DELHI,1
1,NAME1,6,DELHI,1
2,NAME2,21,DELHI,1
3,NAME3,8,DELHI,1
4,NAME4,11,DELHI,1
5,NAME5,4,DELHI,1
6,NAME6,4,DELHI,1
7,NAME7,16,DELHI,1
8,NAME8,9,DELHI,1
9,NAME9,17,DELHI,1
10,NAME10,10,DELHI,1
11,NAME11,19,DELHI,1
12,NAME12,18,DELHI,1
13,NAME13,8,DELHI,1
14,NAME14,15,DELHI,1
15,NAME15,14,DELHI,1
16,NAME16,21,DELHI,1
17,NAME17,17,DELHI,1
18,NAME18,16,DELHI,1
19,NAME19,12,DELHI,1
20,NAME20,20,DELHI,1
21,NAME21,9,DELHI,1
22,NAME22,11,DELHI,1
23,NAME23,19,DELHI,1
24,NAME24,13,DELHI,1
25,NAME25,15,DELHI,1
26,NAME26,17,DELHI,1
27,NAME27,9,DELHI,1
28,NAME28,12,DELHI,1
29,NAME29,4,DELHI,1
30,NAME30,18,DELHI,1
31,NAME31,19,DELHI,1
32,NAME32,9,DELHI,1
33,NAME33,20,DELHI,1
34,NAME34,19,DELHI,1
35,NAME35,13,DELHI,1
36,NAME36,18,DELHI,1
37,NAME37,8,DELHI,1
38,NAME38,5,DELHI,1
39,NAME39,4,DELHI,1
40,NAME40,4,DELHI,1
41,NAME41,4,DELHI,1
42,NAME42,18,DELHI,1
43,NAME43,12,DELHI,1
44,NAME44,19,DELHI,1
45,NAME45,11,DELHI,1
46,NAME46,5,DELHI,1
47,NAME47,15,DELHI,1
48,NAME48,11,DELHI,1
49,NAME49,8,DELHI,1
50,NAME50,18,DELHI,1
51,NAME51,10,DELHI,1
52,NAME52,18,DELHI,1
53,NAME53,20,DELHI,1
54,NAME54,19,DELHI,1
55,NAME55,8,DELHI,1
56,NAME56,4,DELHI,1
57,NAME57,4,DELHI,1
58,NAME58,5,DELHI,1
59,NAME59,7,DELHI,1
60,NAME60,21,DELHI,1
61,NAME61,5,DELHI,1
62,NAME62,9,DELHI,1
63,NAME63,20,DELHI,1
64,NAME64,12,DELHI,1
65,NAME65,7,DELHI,1
66,NAME66,18,DELHI,1
67,NAME67,6,DELHI,1
68,NAME68,19,DELHI,1
69,NAME69,5,DELHI,1
70,NAME70,6,DELHI,1
71,NAME71,10,DELHI,1
72,NAME72,9,DELHI,1
73,NAME73,5,DELHI,1
74,NAME74,15,DELHI,1
75,NAME75,17,DELHI,1
76,NAME76,18,DELHI,1
77,NAME77,19,DELHI,1
78,NAME78,13,DELHI,1
79,NAME79,4,DELHI,1
80,NAME80,9,DELHI,1
81,NAME81,11,DELHI,1
82,NAME82,14,DELHI,1
83,NAME83,6,DELHI,1
84,NAME84,7,DELHI,1
85,NAME85,15,DELHI,1
86,NAME86,12,DELHI,1
87,NAME87,18,DELHI,1
88,NAME88,17,DELHI,1
89,NAME89,5,DELHI,1
90,NAME90,14,DELHI,1
91,NAME91,21,DELHI,1
92,NAME92,17,DELHI,1
93,NAME93,4,DELHI,1
94,NAME94,5,DELHI,1
95,NAME95,20,DELHI,1
96,NAME96,7,DELHI,1
97,NAME97,12,DELHI,1
98,NAME98,7,DELHI,1
99,NAME99,5,DELHI,1
100,NAME100,10,DELHI,1
101,NAME101,19,DELHI,1
102,NAME102,8,DELHI,1
103,NAME103,6,DELHI,1
104,NAME104,6,DELHI,1
105,NAME105,9,DELHI,1
106,NAME106,8,DELHI,1
107,NAME107,18,DELHI,1
108,NAME108,7,DELHI,1
109,NAME109,13,DELHI,1
110,NAME110,14,DELHI,1
111,NAME111,21,DELHI,1
112,NAME112,10,DELHI,1
113,NAME113,16,DELHI,1
114,NAME114,17,DELHI,1
115,NAME115,13,DELHI,1
116,NAME116,5,DELHI,1
117,NAME117,12,DELHI,1
118,NAME118,19,DELHI,1
119,NAME119,4,DELHI,1
120,NAME120,10,DELHI,1
121,NAME121,12,DELHI,1
122,NAME122,19,DELHI,1
123,NAME123,20,DELHI,1
124,NAME124,10,DELHI,1
125,NAME125,5,DELHI,1
126,NAME126,4,DELHI,1
127,NAME127,18,DELHI,1
128,NAME128,4,DELHI,1
129,NAME129,4,DELHI,1
130,NAME130,18,DELHI,1
131,NAME131,9,DELHI,1
132,NAME132,9,DELHI,1
133,NAME133,15,DELHI,1
134,NAME134,8,DELHI,1
135,NAME135,6,DELHI,1
136,NAME136,15,DELHI,1
137,NAME137,11,DELHI,1
138,NAME138,20,DELHI,1
139,NAME139,21,DELHI,1
140,NAME140,6,DELHI,1
141,NAME141,13,DELHI,1
142,NAME142,17,DELHI,1
143,NAME143,10,DELHI,1
144,NAME144,13,DELHI,1
145,NAME145,5,DELHI,1
146,NAME146,12,DELHI,1
147,NAME147,19,DELHI,1
148,NAME148,8,DELHI,1
149,NAME149,8,DELHI,1
150,NAME150,19,DELHI,1
151,NAME151,14,DELHI,1
152,NAME152,18,DELHI,1
153,NAME153,13,DELHI,1
154,NAME154,9,DELHI,1
155,NAME155,12,DELHI,1
156,NAME156,19,DELHI,1
157,NAME157,13,DELHI,1
158,NAME158,13,DELHI,1
159,NAME159,21,DELHI,1
160,NAME160,9,DELHI,1
161,NAME161,19,DELHI,1
162,NAME162,12,DELHI,1
163,NAME163,6,DELHI,1
164,NAME164,16,DELHI,1
165,NAME165,13,DELHI,1
166,NAME166,18,DELHI,1
167,NAME167,19,DELHI,1
168,NAME168,10,DELHI,1
169,NAME169,20,DELHI,1
170,NAME170,12,DELHI,1
171,NAME171,19,DELHI,1
172,NAME172,9,DELHI,1
173,NAME173,17,DELHI,1
174,NAME174,13,DELHI,1
175,NAME175,6,DELHI,1
176,NAME176,18,DELHI,1
177,NAME177,11,DELHI,1
178,NAME178,17,DELHI,1
179,NAME179,21,DELHI,1
180,NAME180,6,DELHI,1
181,NAME181,5,DELHI,1
182,NAME182,12,DELHI,1
183,NAME183,17,DELHI,1
184,NAME184,8,DELHI,1
185,NAME185,9,DELHI,1
186,NAME186,9,DELHI,1
187,NAME187,17,DELHI,1
188,NAME188,16,DELHI,1
189,NAME189,21,DELHI,1
190,NAME190,15,DELHI,1
191,NAME191,14,DELHI,1
192,NAME192,16,DELHI,1
193,NAME193,6,DELHI,1
194,NAME194,11,DELHI,1
195,NAME195,15,DELHI,1
196,NAME196,10,DELHI,1
197,NAME197,18,DELHI,1
198,NAME198,7,DELHI,1
199,NAME199,5,DELHI,1
200,NAME200,15,DELHI,1
201,NAME201,12,DELHI,1
202,NAME202,6,DELHI,1
203,NAME203,9,DELHI,1
204,NAME204,14,DELHI,1
205,NAME205,14,DELHI,1
206,NAME206,13,DELHI,1
207,NAME207,11,DELHI,1
208,NAME208,7,DELHI,1
209,NAME209,16,DELHI,1
210,NAME210,9,DELHI,1
211,NAME211,6,DELHI,1
212,NAME212,21,DELHI,1
213,NAME213,16,DELHI,1
214,NAME214,20,DELHI,1
215,NAME215,15,DELHI,1
216,NAME216,5,DELHI,1
217,NAME217,14,DELHI,1
218,NAME218,4,DELHI,1
219,NAME219,8,DELHI,1
220,NAME220,14,DELHI,1
221,NAME221,4,DELHI,1
222,NAME222,10,DELHI,1
223,NAME223,21,DELHI,1
224,NAME224,16,DELHI,1
225,NAME225,5,DELHI,1
226,NAME226,13,DELHI,1
227,NAME227,16,DELHI,1
228,NAME228,13,DELHI,1
229,NAME229,11,DELHI,1
230,NAME230,7,DELHI,1
231,NAME231,19,DELHI,1
232,NAME232,19,DELHI,1
233,NAME233,6,DELHI,1
234,NAME234,17,DELHI,1
235,NAME235,19,DELHI,1
236,NAME236,8,DELHI,1
237,NAME237,10,DELHI,1
238,NAME238,12,DELHI,1
239,NAME239,5,DELHI,1
240,NAME240,9,DELHI,1
241,NAME241,18,DELHI,1
242,NAME242,11,DELHI,1
243,NAME243,13,DELHI,1
244,NAME244,16,DELHI,1
245,NAME245,21,DELHI,1
246,NAME246,21,DELHI,1
247,NAME247,15,DELHI,1
248,NAME248,12,DELHI,1
249,NAME249,9,DELHI,1
250,NAME250,13,DELHI,1
251,NAME251,10,DELHI,1
252,NAME252,20,DELHI,1
253,NAME253,8,DELHI,1
254,NAME254,20,DELHI,1
255,NAME255,13,DELHI,1
256,NAME256,8,DELHI,1
257,NAME257,6,DELHI,1
258,NAME258,6,DELHI,1
259,NAME259,10,DELHI,1
260,NAME260,7,DELHI,1
261,NAME261,17,DELHI,1
262,NAME262,7,DELHI,1
263,NAME263,17,DELHI,1
264,NAME264,9,DELHI,1
265,NAME265,19,DELHI,1
266,NAME266,12,DELHI,1
267,NAME267,6,DELHI,1
268,NAME268,19,DELHI,1
269,NAME269,5,DELHI,1
270,NAME270,21,DELHI,1
271,NAME271,8,DELHI,1
272,NAME272,13,DELHI,1
273,NAME273,19,DELHI,1
274,NAME274,18,DELHI,1
275,NAME275,21,DELHI,1
276,NAME276,5,DELHI,1
277,NAME277,4,DELHI,1
278,NAME278,4,DELHI,1
279,NAME279,16,DELHI,1
280,NAME280,17,DELHI,1
281,NAME281,13,DELHI,1
282,NAME282,10,DELHI,1
283,NAME283,17,DELHI,1
284,NAME284,13,DELHI,1
285,NAME285,9,DELHI,1
286,NAME286,12,DELHI,1
287,NAME287,21,DELHI,1
288,NAME288,21,DELHI,1
289,NAME289,8,DELHI,1
290,NAME290,7,DELHI,1
291,NAME291,21,DELHI,1
292,NAME292,7,DELHI,1
293,NAME293,16,DELHI,1
294,NAME294,7,DELHI,1
295,NAME295,5,DELHI,1
296,NAME296,21,DELHI,1
297,NAME297,7,DELHI,1
298,NAME298,11,DELHI,1
299,NAME299,9,DELHI,1
300,NAME300,15,DELHI,1
301,NAME301,6,DELHI,1
302,NAME302,21,DELHI,1
303,NAME303,7,DELHI,1
304,NAME304,6,DELHI,1
305,NAME305,9,DELHI,1
306,NAME306,12,DELHI,1
307,NAME307,12,DELHI,1
308,NAME308,4,DELHI,1
309,NAME309,6,DELHI,1
310,NAME310,18,DELHI,1
311,NAME311,16,DELHI,1
312,NAME312,7,DELHI,1
313,NAME313,5,DELHI,1
314,NAME314,12,DELHI,1
315,NAME315,10,DELHI,1
316,NAME316,17,DELHI,1
317,NAME317,19,DELHI,1
318,NAME318,4,DELHI,1
319,NAME319,4,DELHI,1
320,NAME320,9,DELHI,1
321,NAME321,5,DELHI,1
322,NAME322,21,DELHI,1
323,NAME323,21,DELHI,1
324,NAME324,9,DELHI,1
325,NAME325,14,DELHI,1
326,NAME326,6,DELHI,1
327,NAME327,15,DELHI,1
328,NAME328,12,DELHI,1
329,NAME329,21,DELHI,1
330,NAME330,6,DELHI,1
331,NAME331,7,DELHI,1
332,NAME332,6,DELHI,1
333,NAME333,10,DELHI,1
334,NAME334,7,DELHI,1
335,NAME335,5,DELHI,1
336,NAME336,21,DELHI,1
337,NAME337,5,DELHI,1
338,NAME338,8,DELHI,1
339,NAME339,4,DELHI,1
340,NAME340,16,DELHI,1
341,NAME341,19,DELHI,1
342,NAME342,16,DELHI,1
343,NAME343,9,DELHI,1
344,NAME344,6,DELHI,1
345,NAME345,20,DELHI,1
346,NAME346,4,DELHI,1
347,NAME347,12,DELHI,1
348,NAME348,19,DELHI,1
349,NAME349,18,DELHI,1
350,NAME350,5,DELHI,1
351,NAME351,21,DELHI,1
352,NAME352,10,DELHI,1
353,NAME353,17,DELHI,1
354,NAME354,10,DELHI,1
355,NAME355,7,DELHI,1
356,NAME356,11,DELHI,1
357,NAME357,4,DELHI,1
358,NAME358,4,DELHI,1
359,NAME359,15,DELHI,1
360,NAME360,11,DELHI,1
361,NAME361,10,DELHI,1
362,NAME362,7,DELHI,1
363,NAME363,15,DELHI,1
364,NAME364,17,DELHI,1
365,NAME365,16,DELHI,1
366,NAME366,11,DELHI,1
367,NAME367,14,DELHI,1
368,NAME368,5,DELHI,1
369,NAME369,6,DELHI,1
370,NAME370,9,DELHI,1
371,NAME371,10,DELHI,1
372,NAME372,5,DELHI,1
373,NAME373,16,DELHI,1
374,NAME374,11,DELHI,1
375,NAME375,16,DELHI,1
376,NAME376,4,DELHI,1
377,NAME377,21,DELHI,1
378,NAME378,17,DELHI,1
379,NAME379,4,DELHI,1
380,NAME380,6,DELHI,1
381,NAME381,18,DELHI,1
382,NAME382,12,DELHI,1
383,NAME383,10,DELHI,1
384,NAME384,9,DELHI,1
385,NAME385,18,DELHI,1
386,NAME386,6,DELHI,1
387,NAME387,18,DELHI,1
388,NAME388,6,DELHI,1
389,NAME389,11,DELHI,1
390,NAME390,5,DELHI,1
391,NAME391,13,DELHI,1
392,NAME392,5,DELHI,1
393,NAME393,20,DELHI,1
394,NAME394,19,DELHI,1
395,NAME395,14,DELHI,1
396,NAME396,11,DELHI,1
397,NAME397,4,DELHI,1
398,NAME398,19,DELHI,1
399,NAME399,5,DELHI,1
400,NAME400,21,DELHI,1
401,NAME401,17,DELHI,1
402,NAME402,10,DELHI,1
403,NAME403,20,DELHI,1
404,NAME404,7,DELHI,1
405,NAME405,4,DELHI,1
406,NAME406,4,DELHI,1
407,NAME407,12,DELHI,1
408,NAME408,7,DELHI,1
409,NAME409,5,DELHI,1
410,NAME410,13,DELHI,1
411,NAME411,20,DELHI,1
412,NAME412,12,DELHI,1
413,NAME413,11,DELHI,1
414,NAME414,12,DELHI,1
415,NAME415,14,DELHI,1
416,NAME416,8,DELHI,1
417,NAME417,11,DELHI,1
418,NAME418,16,DELHI,1
419,NAME419,16,DELHI,1
420,NAME420,15,DELHI,1
421,NAME421,18,DELHI,1
422,NAME422,15,DELHI,1
423,NAME423,4,DELHI,1
424,NAME424,7,DELHI,1
425,NAME425,18,DELHI,1
426,NAME426,21,DELHI,1
427,NAME427,21,DELHI,1
428,NAME428,21,DELHI,1
429,NAME429,11,DELHI,1
430,NAME430,20,DELHI,1
431,NAME431,12,DELHI,1
432,NAME432,15,DELHI,1
433,NAME433,21,DELHI,1
434,NAME434,21,DELHI,1
435,NAME435,6,DELHI,1
436,NAME436,5,DELHI,1
437,NAME437,18,DELHI,1
438,NAME438,21,DELHI,1
439,NAME439,18,DELHI,1
440,NAME440,4,DELHI,1
441,NAME441,7,DELHI,1
442,NAME442,12,DELHI,1
443,NAME443,6,DELHI,1
444,NAME444,10,DELHI,1
445,NAME445,5,DELHI,1
446,NAME446,5,DELHI,1
447,NAME447,21,DELHI,1
448,NAME448,8,DELHI,1
449,NAME449,10,DELHI,1
450,NAME450,5,DELHI,1
451,NAME451,10,DELHI,1
452,NAME452,4,DELHI,1
453,NAME453,12,DELHI,1
454,NAME454,12,DELHI,1
455,NAME455,15,DELHI,1
456,NAME456,8,DELHI,1
457,NAME457,17,DELHI,1
458,NAME458,9,DELHI,1
459,NAME459,5,DELHI,1
460,NAME460,21,DELHI,1
461,NAME461,21,DELHI,1
462,NAME462,18,DELHI,1
463,NAME463,13,DELHI,1
464,NAME464,17,DELHI,1
465,NAME465,12,DELHI,1
466,NAME466,4,DELHI,1
467,NAME467,10,DELHI,1
468,NAME468,18,DELHI,1
469,NAME469,13,DELHI,1
470,NAME470,8,DELHI,1
471,NAME471,8,DELHI,1
472,NAME472,6,DELHI,1
473,NAME473,14,DELHI,1
474,NAME474,9,DELHI,1
475,NAME475,6,DELHI,1
476,NAME476,8,DELHI,1
477,NAME477,4,DELHI,1
478,NAME478,12,DELHI,1
479,NAME479,19,DELHI,1
480,NAME480,5,DELHI,1
481,NAME481,12,DELHI,1
482,NAME482,17,DELHI,1
483,NAME483,19,DELHI,1
484,NAME484,6,DELHI,1
485,NAME485,10,DELHI,1
486,NAME486,18,DELHI,1
487,NAME487,19,DELHI,1
488,NAME488,20,DELHI,1
489,NAME489,17,DELHI,1
490,NAME490,7,DELHI,1
491,NAME491,13,DELHI,1
492,NAME492,21,DELHI,1
493,NAME493,12,DELHI,1
494,NAME494,21,DELHI,1
495,NAME495,9,DELHI,1
496,NAME496,15,DELHI,1
497,NAME497,13,DELHI,1
498,NAME498,13,DELHI,1
499,NAME499,11,DELHI,1
500,NAME500,10,DELHI,1
501,NAME501,19,DELHI,1
502,NAME502,15,DELHI,1
503,NAME503,13,DELHI,1
504,NAME504,21,DELHI,1
505,NAME505,17,DELHI,1
506,NAME506,13,DELHI,1
507,NAME507,4,DELHI,1
508,NAME508,20,DELHI,1
509,NAME509,4,DELHI,1
510,NAME510,15,DELHI,1
511,NAME511,20,DELHI,1
512,NAME512,18,DELHI,1
513,NAME513,5,DELHI,1
514,NAME514,16,DELHI,1
515,NAME515,21,DELHI,1
516,NAME516,12,DELHI,1
517,NAME517,4,DELHI,1
518,NAME518,20,DELHI,1
519,NAME519,5,DELHI,1
520,NAME520,19,DELHI,1
521,NAME521,13,DELHI,1
522,NAME522,5,DELHI,1
523,NAME523,21,DELHI,1
524,NAME524,14,DELHI,1
525,NAME525,8,DELHI,1
526,NAME526,18,DELHI,1
527,NAME527,10,DELHI,1
528,NAME528,17,DELHI,1
529,NAME529,7,DELHI,1
530,NAME530,17,DELHI,1
531,NAME531,11,DELHI,1
532,NAME532,6,DELHI,1
533,NAME533,21,DELHI,1
534,NAME534,7,DELHI,1
535,NAME535,17,DELHI,1
536,NAME536,15,DELHI,1
537,NAME537,9,DELHI,1
538,NAME538,4,DELHI,1
539,NAME539,15,DELHI,1
540,NAME540,14,DELHI,1
541,NAME541,13,DELHI,1
542,NAME542,9,DELHI,1
543,NAME543,6,DELHI,1
544,NAME544,4,DELHI,1
545,NAME545,18,DELHI,1
546,NAME546,16,DELHI,1
547,NAME547,8,DELHI,1
548,NAME548,15,DELHI,1
549,NAME549,18,DELHI,1
550,NAME550,20,DELHI,1
551,NAME551,7,DELHI,1
552,NAME552,11,DELHI,1
553,NAME553,13,DELHI,1
554,NAME554,14,DELHI,1
555,NAME555,20,DELHI,1
556,NAME556,14,DELHI,1
557,NAME557,10,DELHI,1
558,NAME558,10,DELHI,1
559,NAME559,19,DELHI,1
560,NAME560,11,DELHI,1
561,NAME561,12,DELHI,1
562,NAME562,11,DELHI,1
563,NAME563,17,DELHI,1
564,NAME564,9,DELHI,1
565,NAME565,7,DELHI,1
566,NAME566,4,DELHI,1
567,NAME567,5,DELHI,1
568,NAME568,16,DELHI,1
569,NAME569,10,DELHI,1
570,NAME570,4,DELHI,1
571,NAME571,6,DELHI,1
572,NAME572,8,DELHI,1
573,NAME573,12,DELHI,1
574,NAME574,21,DELHI,1
575,NAME575,20,DELHI,1
576,NAME576,14,DELHI,1
577,NAME577,5,DELHI,1
578,NAME578,12,DELHI,1
579,NAME579,9,DELHI,1
580,NAME580,6,DELHI,1
581,NAME581,11,DELHI,1
582,NAME582,11,DELHI,1
583,NAME583,12,DELHI,1
584,NAME584,16,DELHI,1
585,NAME585,15,DELHI,1
586,NAME586,19,DELHI,1
587,NAME587,17,DELHI,1
588,NAME588,11,DELHI,1
589,NAME589,8,DELHI,1
590,NAME590,21,DELHI,1
591,NAME591,20,DELHI,1
592,NAME592,14,DELHI,1
593,NAME593,19,DELHI,1
594,NAME594,16,DELHI,1
595,NAME595,16,DELHI,1
596,NAME596,18,DELHI,1
597,NAME597,7,DELHI,1
598,NAME598,13,DELHI,1
599,NAME599,21,DELHI,1
600,NAME600,19,DELHI,1
601,NAME601,12,DELHI,1
602,NAME602,13,DELHI,1
603,NAME603,17,DELHI,1
604,NAME604,19,DELHI,1
605,NAME605,13,DELHI,1
606,NAME606,5,DELHI,1
607,NAME607,12,DELHI,1
608,NAME608,19,DELHI,1
609,NAME609,19,DELHI,1
610,NAME610,19,DELHI,1
611,NAME611,4,DELHI,1
612,NAME612,18,DELHI,1
613,NAME613,15,DELHI,1
614,NAME614,17,DELHI,1
615,NAME615,10,DELHI,1
616,NAME616,12,DELHI,1
617,NAME617,12,DELHI,1
618,NAME618,10,DELHI,1
619,NAME619,8,DELHI,1
620,NAME620,14,DELHI,1
621,NAME621,18,DELHI,1
622,NAME622,14,DELHI,1
623,NAME623,10,DELHI,1
624,NAME624,6,DELHI,1
625,NAME625,5,DELHI,1
626,NAME626,10,DELHI,1
627,NAME627,5,DELHI,1
628,NAME628,15,DELHI,1
629,NAME629,16,DELHI,1
630,NAME630,20,DELHI,1
631,NAME631,7,DELHI,1
632,NAME632,19,DELHI,1
633,NAME633,8,DELHI,1
634,NAME634,9,DELHI,1
635,NAME635,8,DELHI,1
636,NAME636,19,DELHI,1
637,NAME637,11,DELHI,1
638,NAME638,8,DELHI,1
639,NAME639,18,DELHI,1
640,NAME640,5,DELHI,1
641,NAME641,18,DELHI,1
642,NAME642,13,DELHI,1
643,NAME643,6,DELHI,1
644,NAME644,5,DELHI,1
645,NAME645,7,DELHI,1
646,NAME646,5,DELHI,1
647,NAME647,20,DELHI,1
648,NAME648,12,DELHI,1
649,NAME649,9,DELHI,1
650,NAME650,16,DELHI,1
651,NAME651,16,DELHI,1
652,NAME652,14,DELHI,1
653,NAME653,6,DELHI,1
654,NAME654,17,DELHI,1
655,NAME655,15,DELHI,1
656,NAME656,11,DELHI,1
657,NAME657,20,DELHI,1
658,NAME658,15,DELHI,1
659,NAME659,16,DELHI,1
660,NAME660,7,DELHI,1
661,NAME661,20,DELHI,1
662,NAME662,16,DELHI,1
663,NAME663,6,DELHI,1
664,NAME664,4,DELHI,1
665,NAME665,11,DELHI,1
666,NAME666,13,DELHI,1
667,NAME667,16,DELHI,1
668,NAME668,11,DELHI,1
669,NAME669,20,DELHI,1
670,NAME670,11,DELHI,1
671,NAME671,14,DELHI,1
672,NAME672,20,DELHI,1
673,NAME673,20,DELHI,1
674,NAME674,4,DELHI,1
675,NAME675,7,DELHI,1
676,NAME676,4,DELHI,1
677,NAME677,20,DELHI,1
678,NAME678,16,DELHI,1
679,NAME679,6,DELHI,1
680,NAME680,19,DELHI,1
681,NAME681,16,DELHI,1
682,NAME682,12,DELHI,1
683,NAME683,5,DELHI,1
684,NAME684,15,DELHI,1
685,NAME685,13,DELHI,1
686,NAME686,7,DELHI,1
687,NAME687,16,DELHI,1
688,NAME688,16,DELHI,1
689,NAME689,5,DELHI,1
690,NAME690,4,DELHI,1
691,NAME691,9,DELHI,1
692,NAME692,19,DELHI,1
693,NAME693,14,DELHI,1
694,NAME694,18,DELHI,1
695,NAME695,18,DELHI,1
696,NAME696,11,DELHI,1
697,NAME697,6,DELHI,1
698,NAME698,17,DELHI,1
699,NAME699,18,DELHI,1
700,NAME700,15,DELHI,1
701,NAME701,15,DELHI,1
702,NAME702,20,DELHI,1
703,NAME703,19,DELHI,1
704,NAME704,9,DELHI,1
705,NAME705,14,DELHI,1
706,NAME706,21,DELHI,1
707,NAME707,18,DELHI,1
708,NAME708,17,DELHI,1
709,NAME709,10,DELHI,1
710,NAME710,18,DELHI,1
711,NAME711,15,DELHI,1
712,NAME712,14,DELHI,1
713,NAME713,14,DELHI,1
714,NAME714,12,DELHI,1
715,NAME715,6,DELHI,1
716,NAME716,9,DELHI,1
717,NAME717,19,DELHI,1
718,NAME718,11,DELHI,1
719,NAME719,14,DELHI,1
720,NAME720,12,DELHI,1
721,NAME721,20,DELHI,1
722,NAME722,5,DELHI,1
723,NAME723,7,DELHI,1
724,NAME724,8,DELHI,1
725,NAME725,18,DELHI,1
726,NAME726,17,DELHI,1
727,NAME727,18,DELHI,1
728,NAME728,14,DELHI,1
729,NAME729,7,DELHI,1
730,NAME730,18,DELHI,1
731,NAME731,8,DELHI,1
732,NAME732,9,DELHI,1
733,NAME733,12,DELHI,1
734,NAME734,14,DELHI,1
735,NAME735,8,DELHI,1
736,NAME736,5,DELHI,1
737,NAME737,4,DELHI,1
738,NAME738,12,DELHI,1
739,NAME739,19,DELHI,1
740,NAME740,12,DELHI,1
741,NAME741,6,DELHI,1
742,NAME742,19,DELHI,1
743,NAME743,20,DELHI,1
744,NAME744,17,DELHI,1
745,NAME745,19,DELHI,1
746,NAME746,18,DELHI,1
747,NAME747,9,DELHI,1
748,NAME748,19,DELHI,1
749,NAME749,10,DELHI,1
750,NAME750,14,DELHI,1
751,NAME751,19,DELHI,1
752,NAME752,15,DELHI,1
753,NAME753,10,DELHI,1
754,NAME754,15,DELHI,1
755,NAME755,9,DELHI,1
756,NAME756,21,DELHI,1
757,NAME757,13,DELHI,1
758,NAME758,19,DELHI,1
759,NAME759,9,DELHI,1
760,NAME760,14,DELHI,1
761,NAME761,12,DELHI,1
762,NAME762,17,DELHI,1
763,NAME763,14,DELHI,1
764,NAME764,17,DELHI,1
765,NAME765,5,DELHI,1
766,NAME766,20,DELHI,1
767,NAME767,11,DELHI,1
768,NAME768,12,DELHI,1
769,NAME769,8,DELHI,1
770,NAME770,10,DELHI,1
771,NAME771,20,DELHI,1
772,NAME772,21,DELHI,1
773,NAME773,5,DELHI,1
774,NAME774,20,DELHI,1
775,NAME775,21,DELHI,1
776,NAME776,20,DELHI,1
777,NAME777,14,DELHI,1
778,NAME778,14,DELHI,1
779,NAME779,8,DELHI,1
780,NAME780,12,DELHI,1
781,NAME781,13,DELHI,1
782,NAME782,20,DELHI,1
783,NAME783,12,DELHI,1
784,NAME784,9,DELHI,1
785,NAME785,13,DELHI,1
786,NAME786,11,DELHI,1
787,NAME787,9,DELHI,1
788,NAME788,21,DELHI,1
789,NAME789,17,DELHI,1
790,NAME790,6,DELHI,1
791,NAME791,21,DELHI,1
792,NAME792,20,DELHI,1
793,NAME793,20,DELHI,1
794,NAME794,13,DELHI,1
795,NAME795,10,DELHI,1
796,NAME796,4,DELHI,1
797,NAME797,10,DELHI,1
798,NAME798,17,DELHI,1
799,NAME799,14,DELHI,1
800,NAME800,15,DELHI,1
801,NAME801,4,DELHI,1
802,NAME802,4,DELHI,1
803,NAME803,11,DELHI,1
804,NAME804,13,DELHI,1
805,NAME805,18,DELHI,1
806,NAME806,19,DELHI,1
807,NAME807,16,DELHI,1
808,NAME808,21,DELHI,1
809,NAME809,6,DELHI,1
810,NAME810,14,DELHI,1
811,NAME811,16,DELHI,1
812,NAME812,6,DELHI,1
813,NAME813,21,DELHI,1
814,NAME814,12,DELHI,1
815,NAME815,14,DELHI,1
816,NAME816,5,DELHI,1
817,NAME817,6,DELHI,1
818,NAME818,6,DELHI,1
819,NAME819,5,DELHI,1
820,NAME820,9,DELHI,1
821,NAME821,7,DELHI,1
822,NAME822,17,DELHI,1
823,NAME823,10,DELHI,1
824,NAME824,17,DELHI,1
825,NAME825,19,DELHI,1
826,NAME826,13,DELHI,1
827,NAME827,11,DELHI,1
828,NAME828,12,DELHI,1
829,NAME829,7,DELHI,1
830,NAME830,17,DELHI,1
831,NAME831,14,DELHI,1
832,NAME832,19,DELHI,1
833,NAME833,8,DELHI,1
834,NAME834,9,DELHI,1
835,NAME835,15,DELHI,1
836,NAME836,8,DELHI,1
837,NAME837,15,DELHI,1
838,NAME838,15,DELHI,1
839,NAME839,21,DELHI,1
840,NAME840,15,DELHI,1
841,NAME841,8,DELHI,1
842,NAME842,7,DELHI,1
843,NAME843,14,DELHI,1
844,NAME844,13,DELHI,1
845,NAME845,20,DELHI,1
846,NAME846,15,DELHI,1
847,NAME847,8,DELHI,1
848,NAME848,21,DELHI,1
849,NAME849,20,DELHI,1
850,NAME850,6,DELHI,1
851,NAME851,19,DELHI,1
852,NAME852,9,DELHI,1
853,NAME853,8,DELHI,1
854,NAME854,14,DELHI,1
855,NAME855,17,DELHI,1
856,NAME856,12,DELHI,1
857,NAME857,8,DELHI,1
858,NAME858,15,DELHI,1
859,NAME859,15,DELHI,1
860,NAME860,8,DELHI,1
861,NAME861,12,DELHI,1
862,NAME862,8,DELHI,1
863,NAME863,10,DELHI,1
864,NAME864,14,DELHI,1
865,NAME865,20,DELHI,1
866,NAME866,20,DELHI,1
867,NAME867,19,DELHI,1
868,NAME868,15,DELHI,1
869,NAME869,18,DELHI,1
870,NAME870,11,DELHI,1
871,NAME871,18,DELHI,1
872,NAME872,19,DELHI,1
873,NAME873,13,DELHI,1
874,NAME874,13,DELHI,1
875,NAME875,8,DELHI,1
876,NAME876,15,DELHI,1
877,NAME877,11,DELHI,1
878,NAME878,12,DELHI,1
879,NAME879,9,DELHI,1
880,NAME880,10,DELHI,1
881,NAME881,11,DELHI,1
882,NAME882,7,DELHI,1
883,NAME883,7,DELHI,1
884,NAME884,5,DELHI,1
885,NAME885,20,DELHI,1
886,NAME886,11,DELHI,1
887,NAME887,12,DELHI,1
888,NAME888,18,DELHI,1
889,NAME889,9,DELHI,1
890,NAME890,8,DELHI,1
891,NAME891,21,DELHI,1
892,NAME892,20,DELHI,1
893,NAME893,14,DELHI,1
894,NAME894,16,DELHI,1
895,NAME895,5,DELHI,1
896,NAME896,6,DELHI,1
897,NAME897,5,DELHI,1
898,NAME898,13,DELHI,1
899,NAME899,10,DELHI,1
900,NAME900,17,DELHI,1
901,NAME901,10,DELHI,1
902,NAME902,14,DELHI,1
903,NAME903,12,DELHI,1
904,NAME904,18,DELHI,1
905,NAME905,19,DELHI,1
906,NAME906,15,DELHI,1
907,NAME907,21,DELHI,1
908,NAME908,19,DELHI,1
909,NAME909,20,DELHI,1
910,NAME910,18,DELHI,1
911,NAME911,19,DELHI,1
912,NAME912,5,DELHI,1
913,NAME913,4,DELHI,1
914,NAME914,18,DELHI,1
915,NAME915,18,DELHI,1
916,NAME916,21,DELHI,1
917,NAME917,12,DELHI,1
918,NAME918,5,DELHI,1
919,NAME919,5,DELHI,1
920,NAME920,5,DELHI,1
921,NAME921,5,DELHI,1
922,NAME922,11,DELHI,1
923,NAME923,19,DELHI,1
924,NAME924,16,DELHI,1
925,NAME925,13,DELHI,1
926,NAME926,11,DELHI,1
927,NAME927,5,DELHI,1
928,NAME928,19,DELHI,1
929,NAME929,4,DELHI,1
930,NAME930,14,DELHI,1
931,NAME931,15,DELHI,1
932,NAME932,16,DELHI,1
933,NAME933,10,DELHI,1
934,NAME934,19,DELHI,1
935,NAME935,21,DELHI,1
936,NAME936,9,DELHI,1
937,NAME937,21,DELHI,1
938,NAME938,7,DELHI,1
939,NAME939,12,DELHI,1
940,NAME940,8,DELHI,1
941,NAME941,19,DELHI,1
942,NAME942,20,DELHI,1
943,NAME943,16,DELHI,1
944,NAME944,14,DELHI,1
945,NAME945,21,DELHI,1
946,NAME946,14,DELHI,1
947,NAME947,4,DELHI,1
948,NAME948,8,DELHI,1
949,NAME949,6,DELHI,1
950,NAME950,7,DELHI,1
951,NAME951,7,DELHI,1
952,NAME952,21,DELHI,1
953,NAME953,14,DELHI,1
954,NAME954,9,DELHI,1
955,NAME955,7,DELHI,1
956,NAME956,10,DELHI,1
957,NAME957,13,DELHI,1
958,NAME958,20,DELHI,1
959,NAME959,16,DELHI,1
960,NAME960,21,DELHI,1
961,NAME961,20,DELHI,1
962,NAME962,16,DELHI,1
963,NAME963,21,DELHI,1
964,NAME964,16,DELHI,1
965,NAME965,15,DELHI,1
966,NAME966,5,DELHI,1
967,NAME967,9,DELHI,1
968,NAME968,16,DELHI,1
969,NAME969,14,DELHI,1
970,NAME970,6,DELHI,1
971,NAME971,12,DELHI,1
972,NAME972,19,DELHI,1
973,NAME973,5,DELHI,1
974,NAME974,13,DELHI,1
975,NAME975,15,DELHI,1
976,NAME976,11,DELHI,1
977,NAME977,16,DELHI,1
978,NAME978,5,DELHI,1
979,NAME979,18,DELHI,1
980,NAME980,20,DELHI,1
981,NAME981,11,DELHI,1
982,NAME982,14,DELHI,1
983,NAME983,4,DELHI,1
984,NAME984,6,DELHI,1
985,NAME985,7,DELHI,1
986,NAME986,6,DELHI,1
987,NAME987,14,DELHI,1
988,NAME988,11,DELHI,1
989,NAME989,19,DELHI,1
990,NAME990,5,DELHI,1
991,NAME991,7,DELHI,1
992,NAME992,17,DELHI,1
993,NAME993,6,DELHI,1
994,NAME994,5,DELHI,1
995,NAME995,8,DELHI,1
996,NAME996,17,DELHI,1
997,NAME997,7,DELHI,1
998,NAME998,18,DELHI,1
999,NAME999,14,DELHI,1
1000,NAME1000,21,DELHI,1
1001,NAME1001,18,DELHI,1
1002,NAME1002,11,DELHI,1
1003,NAME1003,18,DELHI,1
1004,NAME1004,12,DELHI,1
1005,NAME1005,9,DELHI,1
1006,NAME1006,17,DELHI,1
1007,NAME1007,20,DELHI,1
1008,NAME1008,9,DELHI,1
1009,NAME1009,21,DELHI,1
1010,NAME1010,16,DELHI,1
1011,NAME1011,11,DELHI,1
1012,NAME1012,6,DELHI,1
1013,NAME1013,14,DELHI,1
1014,NAME1014,13,DELHI,1
1015,NAME1015,15,DELHI,1
1016,NAME1016,5,DELHI,1
1017,NAME1017,10,DELHI,1
1018,NAME1018,20,DELHI,1
1019,NAME1019,6,DELHI,1
1020,NAME1020,15,DELHI,1
1021,NAME1021,9,DELHI,1
1022,NAME1022,6,DELHI,1
1023,NAME1023,21,DELHI,1
1024,NAME1024,15,DELHI,1
1025,NAME1025,7,DELHI,1
1026,NAME1026,8,DELHI,1
1027,NAME1027,13,DELHI,1
1028,NAME1028,10,DELHI,1
1029,NAME1029,21,DELHI,1
1030,NAME1030,14,DELHI,1
1031,NAME1031,5,DELHI,1
1032,NAME1032,14,DELHI,1
1033,NAME1033,8,DELHI,1
1034,NAME1034,17,DELHI,1
1035,NAME1035,14,DELHI,1
1036,NAME1036,20,DELHI,1
1037,NAME1037,21,DELHI,1
1038,NAME1038,6,DELHI,1
1039,NAME1039,9,DELHI,1
1040,NAME1040,16,DELHI,1
1041,NAME1041,14,DELHI,1
1042,NAME1042,15,DELHI,1
1043,NAME1043,10,DELHI,1
1044,NAME1044,9,DELHI,1
1045,NAME1045,18,DELHI,1
1046,NAME1046,16,DELHI,1
1047,NAME1047,19,DELHI,1
1048,NAME1048,4,DELHI,1
1049,NAME1049,13,DELHI,1
1050,NAME1050,8,DELHI,1
1051,NAME1051,6,DELHI,1
1052,NAME1052,14,DELHI,1
1053,NAME1053,8,DELHI,1
1054,NAME1054,16,DELHI,1
1055,NAME1055,5,DELHI,1
1056,NAME1056,18,DELHI,1
1057,NAME1057,4,DELHI,1
1058,NAME1058,12,DELHI,1
1059,NAME1059,18,DELHI,1
1060,NAME1060,12,DELHI,1
1061,NAME1061,5,DELHI,1
1062,NAME1062,14,DELHI,1
1063,NAME1063,5,DELHI,1
1064,NAME1064,15,DELHI,1
1065,NAME1065,19,DELHI,1
1066,NAME1066,20,DELHI,1
1067,NAME1067,10,DELHI,1
1068,NAME1068,16,DELHI,1
1069,NAME1069,15,DELHI,1
1070,NAME1070,14,DELHI,1
1071,NAME1071,17,DELHI,1
1072,NAME1072,15,DELHI,1
1073,NAME1073,13,DELHI,1
1074,NAME1074,15,DELHI,1
1075,NAME1075,18,DELHI,1
1076,NAME1076,18,DELHI,1
1077,NAME1077,4,DELHI,1
1078,NAME1078,17,DELHI,1
1079,NAME1079,17,DELHI,1
1080,NAME1080,12,DELHI,1
1081,NAME1081,8,DELHI,1
1082,NAME1082,20,DELHI,1
1083,NAME1083,21,DELHI,1
1084,NAME1084,11,DELHI,1
1085,NAME1085,21,DELHI,1
1086,NAME1086,16,DELHI,1
1087,NAME1087,20,DELHI,1
1088,NAME1088,8,DELHI,1
1089,NAME1089,21,DELHI,1
1090,NAME1090,21,DELHI,1
1091,NAME1091,20,DELHI,1
1092,NAME1092,5,DELHI,1
1093,NAME1093,18,DELHI,1
1094,NAME1094,5,DELHI,1
1095,NAME1095,5,DELHI,1
1096,NAME1096,20,DELHI,1
1097,NAME1097,17,DELHI,1
1098,NAME1098,7,DELHI,1
1099,NAME1099,18,DELHI,1
1100,NAME1100,11,DELHI,1
1101,NAME1101,9,DELHI,1
1102,NAME1102,6,DELHI,1
1103,NAME1103,14,DELHI,1
1104,NAME1104,13,DELHI,1
1105,NAME1105,17,DELHI,1
1106,NAME1106,5,DELHI,1
1107,NAME1107,12,DELHI,1
1108,NAME1108,13,DELHI,1
1109,NAME1109,16,DELHI,1
1110,NAME1110,18,DELHI,1
1111,NAME1111,9,DELHI,1
1112,NAME1112,16,DELHI,1
1113,NAME1113,15,DELHI,1
1114,NAME1114,9,DELHI,1
1115,NAME1115,17,DELHI,1
1116,NAME1116,9,DELHI,1
1117,NAME1117,17,DELHI,1
1118,NAME1118,7,DELHI,1
1119,NAME1119,16,DELHI,1
1120,NAME1120,21,DELHI,1
1121,NAME1121,16,DELHI,1
1122,NAME1122,8,DELHI,1
1123,NAME1123,7,DELHI,1
1124,NAME1124,7,DELHI,1
1125,NAME1125,17,DELHI,1
1126,NAME1126,15,DELHI,1
1127,NAME1127,20,DELHI,1
1128,NAME1128,7,DELHI,1
1129,NAME1129,6,DELHI,1
1130,NAME1130,15,DELHI,1
1131,NAME1131,21,DELHI,1
1132,NAME1132,4,DELHI,1
1133,NAME1133,20,DELHI,1
1134,NAME1134,15,DELHI,1
1135,NAME1135,15,DELHI,1
1136,NAME1136,12,DELHI,1
1137,NAME1137,16,DELHI,1
1138,NAME1138,5,DELHI,1
1139,NAME1139,20,DELHI,1
1140,NAME1140,4,DELHI,1
1141,NAME1141,6,DELHI,1
1142,NAME1142,20,DELHI,1
1143,NAME1143,21,DELHI,1
1144,NAME1144,20,DELHI,1
1145,NAME1145,10,DELHI,1
1146,NAME1146,9,DELHI,1
1147,NAME1147,16,DELHI,1
1148,NAME1148,19,DELHI,1
1149,NAME1149,14,DELHI,1
1150,NAME1150,20,DELHI,1
1151,NAME1151,10,DELHI,1
1152,NAME1152,7,DELHI,1
1153,NAME1153,18,DELHI,1
1154,NAME1154,4,DELHI,1
1155,NAME1155,21,DELHI,1
1156,NAME1156,19,DELHI,1
1157,NAME1157,9,DELHI,1
1158,NAME1158,9,DELHI,1
1159,NAME1159,4,DELHI,1
1160,NAME1160,4,DELHI,1
1161,NAME1161,13,DELHI,1
1162,NAME1162,14,DELHI,1
1163,NAME1163,20,DELHI,1
1164,NAME1164,8,DELHI,1
1165,NAME1165,15,DELHI,1
1166,NAME1166,9,DELHI,1
1167,NAME1167,11,DELHI,1
1168,NAME1168,16,DELHI,1
1169,NAME1169,20,DELHI,1
1170,NAME1170,21,DELHI,1
1171,NAME1171,9,DELHI,1
1172,NAME1172,20,DELHI,1
1173,NAME1173,21,DELHI,1
1174,NAME1174,18,DELHI,1
1175,NAME1175,17,DELHI,1
1176,NAME1176,18,DELHI,1
1177,NAME1177,13,DELHI,1
1178,NAME1178,12,DELHI,1
1179,NAME1179,13,DELHI,1
1180,NAME1180,12,DELHI,1
1181,NAME1181,17,DELHI,1
1182,NAME1182,14,DELHI,1
1183,NAME1183,7,DELHI,1
1184,NAME1184,11,DELHI,1
1185,NAME1185,12,DELHI,1
1186,NAME1186,4,DELHI,1
1187,NAME1187,4,DELHI,1
1188,NAME1188,21,DELHI,1
1189,NAME1189,11,DELHI,1
1190,NAME1190,16,DELHI,1
1191,NAME1191,7,DELHI,1
1192,NAME1192,19,DELHI,1
1193,NAME1193,12,DELHI,1
1194,NAME1194,5,DELHI,1
1195,NAME1195,14,DELHI,1
1196,NAME1196,13,DELHI,1
1197,NAME1197,21,DELHI,1
1198,NAME1198,19,DELHI,1
1199,NAME1199,10,DELHI,1
1200,NAME1200,14,DELHI,1
1201,NAME1201,13,DELHI,1
1202,NAME1202,17,DELHI,1
1203,NAME1203,9,DELHI,1
1204,NAME1204,14,DELHI,1
1205,NAME1205,19,DELHI,1
1206,NAME1206,9,DELHI,1
1207,NAME1207,5,DELHI,1
1208,NAME1208,16,DELHI,1
1209,NAME1209,12,DELHI,1
1210,NAME1210,19,DELHI,1
1211,NAME1211,13,DELHI,1
1212,NAME1212,11,DELHI,1
1213,NAME1213,10,DELHI,1
1214,NAME1214,17,DELHI,1
1215,NAME1215,20,DELHI,1
1216,NAME1216,11,DELHI,1
1217,NAME1217,14,DELHI,1
1218,NAME1218,5,DELHI,1
1219,NAME1219,17,DELHI,1
1220,NAME1220,20,DELHI,1
1221,NAME1221,19,DELHI,1
1222,NAME1222,11,DELHI,1
1223,NAME1223,15,DELHI,1
1224,NAME1224,13,DELHI,1
1225,NAME1225,12,DELHI,1
1226,NAME1226,6,DELHI,1
1227,NAME1227,4,DELHI,1
1228,NAME1228,8,DELHI,1
1229,NAME1229,5,DELHI,1
1230,NAME1230,12,DELHI,1
1231,NAME1231,14,DELHI,1
1232,NAME1232,19,DELHI,1
1233,NAME1233,18,DELHI,1
1234,NAME1234,21,DELHI,1
1235,NAME1235,11,DELHI,1
1236,NAME1236,17,DELHI,1
1237,NAME1237,8,DELHI,1
1238,NAME1238,6,DELHI,1
1239,NAME1239,11,DELHI,1
1240,NAME1240,18,DELHI,1
1241,NAME1241,7,DELHI,1
1242,NAME1242,12,DELHI,1
1243,NAME1243,10,DELHI,1
1244,NAME1244,16,DELHI,1
1245,NAME1245,20,DELHI,1
1246,NAME1246,15,DELHI,1
1247,NAME1247,13,DELHI,1
1248,NAME1248,10,DELHI,1
1249,NAME1249,10,DELHI,1
1250,NAME1250,20,DELHI,1
1251,NAME1251,12,DELHI,1
1252,NAME1252,5,DELHI,1
1253,NAME1253,17,DELHI,1
1254,NAME1254,21,DELHI,1
1255,NAME1255,19,DELHI,1
1256,NAME1256,17,DELHI,1
1257,NAME1257,12,DELHI,1
1258,NAME1258,11,DELHI,1
1259,NAME1259,20,DELHI,1
1260,NAME1260,4,DELHI,1
1261,NAME1261,13,DELHI,1
1262,NAME1262,7,DELHI,1
1263,NAME1263,21,DELHI,1
1264,NAME1264,13,DELHI,1
1265,NAME1265,19,DELHI,1
1266,NAME1266,17,DELHI,1
1267,NAME1267,5,DELHI,1
1268,NAME1268,4,DELHI,1
1269,NAME1269,5,DELHI,1
1270,NAME1270,17,DELHI,1
1271,NAME1271,20,DELHI,1
1272,NAME1272,9,DELHI,1
1273,NAME1273,10,DELHI,1
1274,NAME1274,19,DELHI,1
1275,NAME1275,20,DELHI,1
1276,NAME1276,9,DELHI,1
1277,NAME1277,6,DELHI,1
1278,NAME1278,12,DELHI,1
1279,NAME1279,13,DELHI,1
1280,NAME1280,17,DELHI,1
1281,NAME1281,6,DELHI,1
1282,NAME1282,10,DELHI,1
1283,NAME1283,6,DELHI,1
1284,NAME1284,4,DELHI,1
1285,NAME1285,15,DELHI,1
1286,NAME1286,20,DELHI,1
1287,NAME1287,11,DELHI,1
1288,NAME1288,13,DELHI,1
1289,NAME1289,8,DELHI,1
1290,NAME1290,19,DELHI,1
1291,NAME1291,21,DELHI,1
1292,NAME1292,16,DELHI,1
1293,NAME1293,21,DELHI,1
1294,NAME1294,5,DELHI,1
1295,NAME1295,11,DELHI,1
1296,NAME1296,15,DELHI,1
1297,NAME1297,7,DELHI,1
1298,NAME1298,21,DELHI,1
1299,NAME1299,4,DELHI,1
1300,NAME1300,9,DELHI,1
1301,NAME1301,9,DELHI,1
1302,NAME1302,19,DELHI,1
1303,NAME1303,11,DELHI,1
1304,NAME1304,18,DELHI,1
1305,NAME1305,8,DELHI,1
1306,NAME1306,10,DELHI,1
1307,NAME1307,5,DELHI,1
1308,NAME1308,19,DELHI,1
1309,NAME1309,9,DELHI,1
1310,NAME1310,4,DELHI,1
1311,NAME1311,13,DELHI,1
1312,NAME1312,14,DELHI,1
1313,NAME1313,7,DELHI,1
1314,NAME1314,11,DELHI,1
1315,NAME1315,5,DELHI,1
1316,NAME1316,4,DELHI,1
1317,NAME1317,10,DELHI,1
1318,NAME1318,21,DELHI,1
1319,NAME1319,16,DELHI,1
1320,NAME1320,5,DELHI,1
1321,NAME1321,16,DELHI,1
1322,NAME1322,8,DELHI,1
1323,NAME1323,10,DELHI,1
1324,NAME1324,20,DELHI,1
1325,NAME1325,21,DELHI,1
1326,NAME1326,17,DELHI,1
1327,NAME1327,9,DELHI,1
1328,NAME1328,13,DELHI,1
1329,NAME1329,8,DELHI,1
1330,NAME1330,10,DELHI,1
1331,NAME1331,16,DELHI,1
1332,NAME1332,14,DELHI,1
1333,NAME1333,12,DELHI,1
1334,NAME1334,13,DELHI,1
1335,NAME1335,6,DELHI,1
1336,NAME1336,4,DELHI,1
1337,NAME1337,8,DELHI,1
1338,NAME1338,13,DELHI,1
1339,NAME1339,8,DELHI,1
1340,NAME1340,20,DELHI,1
1341,NAME1341,21,DELHI,1
1342,NAME1342,21,DELHI,1
1343,NAME1343,4,DELHI,1
1344,NAME1344,21,DELHI,1
1345,NAME1345,11,DELHI,1
1346,NAME1346,5,DELHI,1
1347,NAME1347,5,DELHI,1
1348,NAME1348,10,DELHI,1
1349,NAME1349,6,DELHI,1
1350,NAME1350,20,DELHI,1
1351,NAME1351,16,DELHI,1
1352,NAME1352,5,DELHI,1
1353,NAME1353,7,DELHI,1
1354,NAME1354,7,DELHI,1
1355,NAME1355,16,DELHI,1
1356,NAME1356,18,DELHI,1
1357,NAME1357,9,DELHI,1
1358,NAME1358,16,DELHI,1
1359,NAME1359,20,DELHI,1
1360,NAME1360,8,DELHI,1
1361,NAME1361,4,DELHI,1
1362,NAME1362,9,DELHI,1
1363,NAME1363,6,DELHI,1
1364,NAME1364,13,DELHI,1
1365,NAME1365,5,DELHI,1
1366,NAME1366,7,DELHI,1
1367,NAME1367,11,DELHI,1
1368,NAME1368,7,DELHI,1
1369,NAME1369,20,DELHI,1
1370,NAME1370,9,DELHI,1
1371,NAME1371,10,DELHI,1
1372,NAME1372,5,DELHI,1
1373,NAME1373,7,DELHI,1
1374,NAME1374,12,DELHI,1
1375,NAME1375,9,DELHI,1
1376,NAME1376,12,DELHI,1
1377,NAME1377,11,DELHI,1
1378,NAME1378,17,DELHI,1
1379,NAME1379,12,DELHI,1
1380,NAME1380,21,DELHI,1
1381,NAME1381,4,DELHI,1
1382,NAME1382,4,DELHI,1
1383,NAME1383,4,DELHI,1
1384,NAME1384,13,DELHI,1
1385,NAME1385,18,DELHI,1
1386,NAME1386,14,DELHI,1
1387,NAME1387,15,DELHI,1
1388,NAME1388,9,DELHI,1
1389,NAME1389,20,DELHI,1
1390,NAME1390,16,DELHI,1
1391,NAME1391,7,DELHI,1
1392,NAME1392,18,DELHI,1
1393,NAME1393,21,DELHI,1
1394,NAME1394,15,DELHI,1
1395,NAME1395,21,DELHI,1
1396,NAME1396,14,DELHI,1
1397,NAME1397,21,DELHI,1
1398,NAME1398,5,DELHI,1
1399,NAME1399,4,DELHI,1
1400,NAME1400,13,DELHI,1
1401,NAME1401,15,DELHI,1
1402,NAME1402,6,DELHI,1
1403,NAME1403,5,DELHI,1
1404,NAME1404,4,DELHI,1
1405,NAME1405,14,DELHI,1
1406,NAME1406,4,DELHI,1
1407,NAME1407,16,DELHI,1
1408,NAME1408,6,DELHI,1
1409,NAME1409,13,DELHI,1
1410,NAME1410,6,DELHI,1
1411,NAME1411,12,DELHI,1
1412,NAME1412,4,DELHI,1
1413,NAME1413,14,DELHI,1
1414,NAME1414,10,DELHI,1
1415,NAME1415,17,DELHI,1
1416,NAME1416,21,DELHI,1
1417,NAME1417,11,DELHI,1
1418,NAME1418,18,DELHI,1
1419,NAME1419,10,DELHI,1
1420,NAME1420,19,DELHI,1
1421,NAME1421,8,DELHI,1
1422,NAME1422,6,DELHI,1
1423,NAME1423,15,DELHI,1
1424,NAME1424,7,DELHI,1
1425,NAME1425,10,DELHI,1
1426,NAME1426,8,DELHI,1
1427,NAME1427,20,DELHI,1
1428,NAME1428,15,DELHI,1
1429,NAME1429,19,DELHI,1
1430,NAME1430,5,DELHI,1
1431,NAME1431,14,DELHI,1
1432,NAME1432,9,DELHI,1
1433,NAME1433,7,DELHI,1
1434,NAME1434,12,DELHI,1
1435,NAME1435,12,DELHI,1
1436,NAME1436,6,DELHI,1
1437,NAME1437,5,DELHI,1
1438,NAME1438,5,DELHI,1
1439,NAME1439,15,DELHI,1
1440,NAME1440,6,DELHI,1
1441,NAME1441,10,DELHI,1
1442,NAME1442,20,DELHI,1
1443,NAME1443,19,DELHI,1
1444,NAME1444,10,DELHI,1
1445,NAME1445,12,DELHI,1
1446,NAME1446,14,DELHI,1
1447,NAME1447,6,DELHI,1
1448,NAME1448,16,DELHI,1
1449,NAME1449,9,DELHI,1
1450,NAME1450,5,DELHI,1
1451,NAME1451,10,DELHI,1
1452,NAME1452,4,DELHI,1
1453,NAME1453,11,DELHI,1
1454,NAME1454,7,DELHI,1
1455,NAME1455,9,DELHI,1
1456,NAME1456,17,DELHI,1
1457,NAME1457,9,DELHI,1
1458,NAME1458,5,DELHI,1
1459,NAME1459,18,DELHI,1
1460,NAME1460,6,DELHI,1
1461,NAME1461,11,DELHI,1
1462,NAME1462,8,DELHI,1
1463,NAME1463,9,DELHI,1
1464,NAME1464,9,DELHI,1
1465,NAME1465,10,DELHI,1
1466,NAME1466,11,DELHI,1
1467,NAME1467,12,DELHI,1
1468,NAME1468,9,DELHI,1
1469,NAME1469,14,DELHI,1
1470,NAME1470,12,DELHI,1
1471,NAME1471,20,DELHI,1
1472,NAME1472,6,DELHI,1
1473,NAME1473,14,DELHI,1
1474,NAME1474,6,DELHI,1
1475,NAME1475,9,DELHI,1
1476,NAME1476,12,DELHI,1
1477,NAME1477,21,DELHI,1
1478,NAME1478,5,DELHI,1
1479,NAME1479,20,DELHI,1
1480,NAME1480,8,DELHI,1
1481,NAME1481,15,DELHI,1
1482,NAME1482,13,DELHI,1
1483,NAME1483,6,DELHI,1
1484,NAME1484,20,DELHI,1
1485,NAME1485,6,DELHI,1
1486,NAME1486,15,DELHI,1
1487,NAME1487,17,DELHI,1
1488,NAME1488,9,DELHI,1
1489,NAME1489,7,DELHI,1
1490,NAME1490,4,DELHI,1
1491,NAME1491,12,DELHI,1
1492,NAME1492,21,DELHI,1
1493,NAME1493,4,DELHI,1
1494,NAME1494,13,DELHI,1
1495,NAME1495,13,DELHI,1
1496,NAME1496,6,DELHI,1
1497,NAME1497,13,DELHI,1
1498,NAME1498,6,DELHI,1
1499,NAME1499,17,DELHI,1
1500,NAME1500,5,DELHI,1
1501,NAME1501,11,DELHI,1
1502,NAME1502,17,DELHI,1
1503,NAME1503,4,DELHI,1
1504,NAME1504,15,DELHI,1
1505,NAME1505,21,DELHI,1
1506,NAME1506,18,DELHI,1
1507,NAME1507,16,DELHI,1
1508,NAME1508,12,DELHI,1
1509,NAME1509,7,DELHI,1
1510,NAME1510,4,DELHI,1
1511,NAME1511,6,DELHI,1
1512,NAME1512,15,DELHI,1
1513,NAME1513,13,DELHI,1
1514,NAME1514,19,DELHI,1
1515,NAME1515,18,DELHI,1
1516,NAME1516,5,DELHI,1
1517,NAME1517,13,DELHI,1
1518,NAME1518,14,DELHI,1
1519,NAME1519,11,DELHI,1
1520,NAME1520,14,DELHI,1
1521,NAME1521,13,DELHI,1
1522,NAME1522,7,DELHI,1
1523,NAME1523,15,DELHI,1
1524,NAME1524,6,DELHI,1
1525,NAME1525,4,DELHI,1
1526,NAME1526,5,DELHI,1
1527,NAME1527,19,DELHI,1
1528,NAME1528,14,DELHI,1
1529,NAME1529,10,DELHI,1
1530,NAME1530,4,DELHI,1
1531,NAME1531,9,DELHI,1
1532,NAME1532,13,DELHI,1
1533,NAME1533,17,DELHI,1
1534,NAME1534,14,DELHI,1
1535,NAME1535,10,DELHI,1
1536,NAME1536,7,DELHI,1
1537,NAME1537,6,DELHI,1
1538,NAME1538,18,DELHI,1
1539,NAME1539,18,DELHI,1
1540,NAME1540,12,DELHI,1
1541,NAME1541,17,DELHI,1
1542,NAME1542,9,DELHI,1
1543,NAME1543,8,DELHI,1
1544,NAME1544,9,DELHI,1
1545,NAME1545,4,DELHI,1
1546,NAME1546,13,DELHI,1
1547,NAME1547,19,DELHI,1
1548,NAME1548,16,DELHI,1
1549,NAME1549,7,DELHI,1
1550,NAME1550,4,DELHI,1
1551,NAME1551,21,DELHI,1
1552,NAME1552,7,DELHI,1
1553,NAME1553,9,DELHI,1
1554,NAME1554,4,DELHI,1
1555,NAME1555,21,DELHI,1
1556,NAME1556,18,DELHI,1
1557,NAME1557,14,DELHI,1
1558,NAME1558,7,DELHI,1
1559,NAME1559,18,DELHI,1
1560,NAME1560,11,DELHI,1
1561,NAME1561,8,DELHI,1
1562,NAME1562,18,DELHI,1
1563,NAME1563,17,DELHI,1
1564,NAME1564,15,DELHI,1
1565,NAME1565,12,DELHI,1
1566,NAME1566,16,DELHI,1
1567,NAME1567,15,DELHI,1
1568,NAME1568,21,DELHI,1
1569,NAME1569,14,DELHI,1
1570,NAME1570,19,DELHI,1
1571,NAME1571,20,DELHI,1
1572,NAME1572,19,DELHI,1
1573,NAME1573,13,DELHI,1
1574,NAME1574,19,DELHI,1
1575,NAME1575,10,DELHI,1
1576,NAME1576,14,DELHI,1
1577,NAME1577,21,DELHI,1
1578,NAME1578,12,DELHI,1
1579,NAME1579,11,DELHI,1
1580,NAME1580,11,DELHI,1
1581,NAME1581,20,DELHI,1
1582,NAME1582,21,DELHI,1
1583,NAME1583,9,DELHI,1
1584,NAME1584,16,DELHI,1
1585,NAME1585,7,DELHI,1
1586,NAME1586,5,DELHI,1
1587,NAME1587,12,DELHI,1
1588,NAME1588,12,DELHI,1
1589,NAME1589,16,DELHI,1
1590,NAME1590,13,DELHI,1
1591,NAME1591,19,DELHI,1
1592,NAME1592,6,DELHI,1
1593,NAME1593,16,DELHI,1
1594,NAME1594,17,DELHI,1
1595,NAME1595,7,DELHI,1
1596,NAME1596,18,DELHI,1
1597,NAME1597,8,DELHI,1
1598,NAME1598,13,DELHI,1
1599,NAME1599,4,DELHI,1
1600,NAME1600,14,DELHI,1
1601,NAME1601,18,DELHI,1
1602,NAME1602,6,DELHI,1
1603,NAME1603,21,DELHI,1
1604,NAME1604,18,DELHI,1
1605,NAME1605,10,DELHI,1
1606,NAME1606,18,DELHI,1
1607,NAME1607,14,DELHI,1
1608,NAME1608,4,DELHI,1
1609,NAME1609,12,DELHI,1
1610,NAME1610,4,DELHI,1
1611,NAME1611,10,DELHI,1
1612,NAME1612,13,DELHI,1
1613,NAME1613,19,DELHI,1
1614,NAME1614,13,DELHI,1
1615,NAME1615,7,DELHI,1
1616,NAME1616,19,DELHI,1
1617,NAME1617,13,DELHI,1
1618,NAME1618,14,DELHI,1
1619,NAME1619,8,DELHI,1
1620,NAME1620,11,DELHI,1
1621,NAME1621,15,DELHI,1
1622,NAME1622,20,DELHI,1
1623,NAME1623,10,DELHI,1
1624,NAME1624,16,DELHI,1
1625,NAME1625,12,DELHI,1
1626,NAME1626,14,DELHI,1
1627,NAME1627,15,DELHI,1
1628,NAME1628,9,DELHI,1
1629,NAME1629,21,DELHI,1
1630,NAME1630,10,DELHI,1
1631,NAME1631,19,DELHI,1
1632,NAME1632,21,DELHI,1
1633,NAME1633,11,DELHI,1
1634,NAME1634,14,DELHI,1
1635,NAME1635,6,DELHI,1
1636,NAME1636,9,DELHI,1
1637,NAME1637,6,DELHI,1
1638,NAME1638,19,DELHI,1
1639,NAME1639,11,DELHI,1
1640,NAME1640,13,DELHI,1
1641,NAME1641,7,DELHI,1
1642,NAME1642,17,DELHI,1
1643,NAME1643,12,DELHI,1
1644,NAME1644,11,DELHI,1
1645,NAME1645,16,DELHI,1
1646,NAME1646,16,DELHI,1
1647,NAME1647,16,DELHI,1
1648,NAME1648,5,DELHI,1
1649,NAME1649,12,DELHI,1
1650,NAME1650,10,DELHI,1
1651,NAME1651,6,DELHI,1
1652,NAME1652,12,DELHI,1
1653,NAME1653,12,DELHI,1
1654,NAME1654,17,DELHI,1
1655,NAME1655,20,DELHI,1
1656,NAME1656,7,DELHI,1
1657,NAME1657,14,DELHI,1
1658,NAME1658,13,DELHI,1
1659,NAME1659,4,DELHI,1
1660,NAME1660,12,DELHI,1
1661,NAME1661,12,DELHI,1
1662,NAME1662,21,DELHI,1
1663,NAME1663,4,DELHI,1
1664,NAME1664,4,DELHI,1
1665,NAME1665,17,DELHI,1
1666,NAME1666,18,DELHI,1
1667,NAME1667,18,DELHI,1
1668,NAME1668,10,DELHI,1
1669,NAME1669,5,DELHI,1
1670,NAME1670,21,DELHI,1
1671,NAME1671,17,DELHI,1
1672,NAME1672,13,DELHI,1
1673,NAME1673,9,DELHI,1
1674,NAME1674,12,DELHI,1
1675,NAME1675,8,DELHI,1
1676,NAME1676,20,DELHI,1
1677,NAME1677,13,DELHI,1
1678,NAME1678,4,DELHI,1
1679,NAME1679,7,DELHI,1
1680,NAME1680,4,DELHI,1
1681,NAME1681,15,DELHI,1
1682,NAME1682,6,DELHI,1
1683,NAME1683,6,DELHI,1
1684,NAME1684,14,DELHI,1
1685,NAME1685,7,DELHI,1
1686,NAME1686,19,DELHI,1
1687,NAME1687,16,DELHI,1
1688,NAME1688,15,DELHI,1
1689,NAME1689,5,DELHI,1
1690,NAME1690,11,DELHI,1
1691,NAME1691,16,DELHI,1
1692,NAME1692,5,DELHI,1
1693,NAME1693,20,DELHI,1
1694,NAME1694,9,DELHI,1
1695,NAME1695,7,DELHI,1
1696,NAME1696,13,DELHI,1
1697,NAME1697,13,DELHI,1
1698,NAME1698,19,DELHI,1
1699,NAME1699,21,DELHI,1
1700,NAME1700,4,DELHI,1
1701,NAME1701,17,DELHI,1
1702,NAME1702,12,DELHI,1
1703,NAME1703,8,DELHI,1
1704,NAME1704,7,DELHI,1
1705,NAME1705,12,DELHI,1
1706,NAME1706,8,DELHI,1
1707,NAME1707,21,DELHI,1
1708,NAME1708,9,DELHI,1
1709,NAME1709,14,DELHI,1
1710,NAME1710,20,DELHI,1
1711,NAME1711,15,DELHI,1
1712,NAME1712,10,DELHI,1
1713,NAME1713,6,DELHI,1
1714,NAME1714,20,DELHI,1
1715,NAME1715,16,DELHI,1
1716,NAME1716,5,DELHI,1
1717,NAME1717,11,DELHI,1
1718,NAME1718,7,DELHI,1
1719,NAME1719,21,DELHI,1
1720,NAME1720,5,DELHI,1
1721,NAME1721,5,DELHI,1
1722,NAME1722,9,DELHI,1
1723,NAME1723,16,DELHI,1
1724,NAME1724,12,DELHI,1
1725,NAME1725,21,DELHI,1
1726,NAME1726,6,DELHI,1
1727,NAME1727,9,DELHI,1
1728,NAME1728,14,DELHI,1
1729,NAME1729,8,DELHI,1
1730,NAME1730,13,DELHI,1
1731,NAME1731,9,DELHI,1
1732,NAME1732,4,DELHI,1
1733,NAME1733,9,DELHI,1
1734,NAME1734,7,DELHI,1
1735,NAME1735,5,DELHI,1
1736,NAME1736,13,DELHI,1
1737,NAME1737,6,DELHI,1
1738,NAME1738,18,DELHI,1
1739,NAME1739,10,DELHI,1
1740,NAME1740,10,DELHI,1
1741,NAME1741,16,DELHI,1
1742,NAME1742,11,DELHI,1
1743,NAME1743,5,DELHI,1
1744,NAME1744,7,DELHI,1
1745,NAME1745,17,DELHI,1
1746,NAME1746,6,DELHI,1
1747,NAME1747,12,DELHI,1
1748,NAME1748,9,DELHI,1
1749,NAME1749,19,DELHI,1
1750,NAME1750,7,DELHI,1
1751,NAME1751,7,DELHI,1
1752,NAME1752,21,DELHI,1
1753,NAME1753,20,DELHI,1
1754,NAME1754,10,DELHI,1
1755,NAME1755,19,DELHI,1
1756,NAME1756,10,DELHI,1
1757,NAME1757,11,DELHI,1
1758,NAME1758,15,DELHI,1
1759,NAME1759,6,DELHI,1
1760,NAME1760,12,DELHI,1
1761,NAME1761,4,DELHI,1
1762,NAME1762,19,DELHI,1
1763,NAME1763,21,DELHI,1
1764,NAME1764,20,DELHI,1
1765,NAME1765,9,DELHI,1
1766,NAME1766,19,DELHI,1
1767,NAME1767,6,DELHI,1
1768,NAME1768,5,DELHI,1
1769,NAME1769,5,DELHI,1
1770,NAME1770,13,DELHI,1
1771,NAME1771,7,DELHI,1
1772,NAME1772,8,DELHI,1
1773,NAME1773,18,DELHI,1
1774,NAME1774,8,DELHI,1
1775,NAME1775,17,DELHI,1
1776,NAME1776,6,DELHI,1
1777,NAME1777,6,DELHI,1
1778,NAME1778,10,DELHI,1
1779,NAME1779,10,DELHI,1
1780,NAME1780,17,DELHI,1
1781,NAME1781,12,DELHI,1
1782,NAME1782,8,DELHI,1
1783,NAME1783,17,DELHI,1
1784,NAME1784,14,DELHI,1
1785,NAME1785,6,DELHI,1
1786,NAME1786,4,DELHI,1
1787,NAME1787,16,DELHI,1
1788,NAME1788,9,DELHI,1
1789,NAME1789,19,DELHI,1
1790,NAME1790,5,DELHI,1
1791,NAME1791,12,DELHI,1
1792,NAME1792,12,DELHI,1
1793,NAME1793,14,DELHI,1
1794,NAME1794,7,DELHI,1
1795,NAME1795,18,DELHI,1
1796,NAME1796,14,DELHI,1
1797,NAME1797,7,DELHI,1
1798,NAME1798,8,DELHI,1
1799,NAME1799,14,DELHI,1
1800,NAME1800,20,DELHI,1
1801,NAME1801,4,DELHI,1
1802,NAME1802,11,DELHI,1
1803,NAME1803,7,DELHI,1
1804,NAME1804,20,DELHI,1
1805,NAME1805,4,DELHI,1
1806,NAME1806,9,DELHI,1
1807,NAME1807,12,DELHI,1
1808,NAME1808,20,DELHI,1
1809,NAME1809,13,DELHI,1
1810,NAME1810,9,DELHI,1
1811,NAME1811,4,DELHI,1
1812,NAME1812,10,DELHI,1
1813,NAME1813,12,DELHI,1
1814,NAME1814,19,DELHI,1
1815,NAME1815,21,DELHI,1
1816,NAME1816,5,DELHI,1
1817,NAME1817,12,DELHI,1
1818,NAME1818,18,DELHI,1
1819,NAME1819,10,DELHI,1
1820,NAME1820,8,DELHI,1
1821,NAME1821,5,DELHI,1
1822,NAME1822,14,DELHI,1
1823,NAME1823,17,DELHI,1
1824,NAME1824,13,DELHI,1
1825,NAME1825,17,DELHI,1
1826,NAME1826,13,DELHI,1
1827,NAME1827,8,DELHI,1
1828,NAME1828,7,DELHI,1
1829,NAME1829,10,DELHI,1
1830,NAME1830,4,DELHI,1
1831,NAME1831,8,DELHI,1
1832,NAME1832,15,DELHI,1
1833,NAME1833,13,DELHI,1
1834,NAME1834,4,DELHI,1
1835,NAME1835,10,DELHI,1
1836,NAME1836,19,DELHI,1
1837,NAME1837,15,DELHI,1
1838,NAME1838,6,DELHI,1
1839,NAME1839,20,DELHI,1
1840,NAME1840,9,DELHI,1
1841,NAME1841,13,DELHI,1
1842,NAME1842,13,DELHI,1
1843,NAME1843,8,DELHI,1
1844,NAME1844,5,DELHI,1
1845,NAME1845,9,DELHI,1
1846,NAME1846,10,DELHI,1
1847,NAME1847,20,DELHI,1
1848,NAME1848,9,DELHI,1
1849,NAME1849,10,DELHI,1
1850,NAME1850,17,DELHI,1
1851,NAME1851,19,DELHI,1
1852,NAME1852,10,DELHI,1
1853,NAME1853,5,DELHI,1
1854,NAME1854,19,DELHI,1
1855,NAME1855,12,DELHI,1
1856,NAME1856,6,DELHI,1
1857,NAME1857,9,DELHI,1
1858,NAME1858,20,DELHI,1
1859,NAME1859,18,DELHI,1
1860,NAME1860,11,DELHI,1
1861,NAME1861,18,DELHI,1
1862,NAME1862,7,DELHI,1
1863,NAME1863,18,DELHI,1
1864,NAME1864,8,DELHI,1
1865,NAME1865,8,DELHI,1
1866,NAME1866,7,DELHI,1
1867,NAME1867,10,DELHI,1
1868,NAME1868,8,DELHI,1
1869,NAME1869,16,DELHI,1
1870,NAME1870,19,DELHI,1
1871,NAME1871,11,DELHI,1
1872,NAME1872,16,DELHI,1
1873,NAME1873,4,DELHI,1
1874,NAME1874,8,DELHI,1
1875,NAME1875,5,DELHI,1
1876,NAME1876,15,DELHI,1
1877,NAME1877,4,DELHI,1
1878,NAME1878,4,DELHI,1
1879,NAME1879,9,DELHI,1
1880,NAME1880,5,DELHI,1
1881,NAME1881,7,DELHI,1
1882,NAME1882,12,DELHI,1
1883,NAME1883,19,DELHI,1
1884,NAME1884,21,DELHI,1
1885,NAME1885,17,DELHI,1
1886,NAME1886,16,DELHI,1
1887,NAME1887,6,DELHI,1
1888,NAME1888,12,DELHI,1
1889,NAME1889,9,DELHI,1
1890,NAME1890,14,DELHI,1
1891,NAME1891,14,DELHI,1
1892,NAME1892,5,DELHI,1
1893,NAME1893,16,DELHI,1
1894,NAME1894,14,DELHI,1
1895,NAME1895,8,DELHI,1
1896,NAME1896,7,DELHI,1
1897,NAME1897,13,DELHI,1
1898,NAME1898,19,DELHI,1
1899,NAME1899,5,DELHI,1
1900,NAME1900,14,DELHI,1
1901,NAME1901,11,DELHI,1
1902,NAME1902,16,DELHI,1
1903,NAME1903,21,DELHI,1
1904,NAME1904,15,DELHI,1
1905,NAME1905,11,DELHI,1
1906,NAME1906,10,DELHI,1
1907,NAME1907,11,DELHI,1
1908,NAME1908,18,DELHI,1
1909,NAME1909,7,DELHI,1
1910,NAME1910,8,DELHI,1
1911,NAME1911,20,DELHI,1
1912,NAME1912,4,DELHI,1
1913,NAME1913,19,DELHI,1
1914,NAME1914,18,DELHI,1
1915,NAME1915,11,DELHI,1
1916,NAME1916,17,DELHI,1
1917,NAME1917,14,DELHI,1
1918,NAME1918,21,DELHI,1
1919,NAME1919,18,DELHI,1
1920,NAME1920,15,DELHI,1
1921,NAME1921,17,DELHI,1
1922,NAME1922,12,DELHI,1
1923,NAME1923,8,DELHI,1
1924,NAME1924,19,DELHI,1
1925,NAME1925,17,DELHI,1
1926,NAME1926,15,DELHI,1
1927,NAME1927,15,DELHI,1
1928,NAME1928,7,DELHI,1
1929,NAME1929,12,DELHI,1
1930,NAME1930,8,DELHI,1
1931,NAME1931,16,DELHI,1
1932,NAME1932,10,DELHI,1
1933,NAME1933,8,DELHI,1
1934,NAME1934,7,DELHI,1
1935,NAME1935,11,DELHI,1
1936,NAME1936,4,DELHI,1
1937,NAME1937,13,DELHI,1
1938,NAME1938,20,DELHI,1
1939,NAME1939,19,DELHI,1
1940,NAME1940,12,DELHI,1
1941,NAME1941,16,DELHI,1
1942,NAME1942,7,DELHI,1
1943,NAME1943,7,DELHI,1
1944,NAME1944,13,DELHI,1
1945,NAME1945,18,DELHI,1
1946,NAME1946,14,DELHI,1
1947,NAME1947,4,DELHI,1
1948,NAME1948,9,DELHI,1
1949,NAME1949,5,DELHI,1
1950,NAME1950,20,DELHI,1
1951,NAME1951,21,DELHI,1
1952,NAME1952,19,DELHI,1
1953,NAME1953,4,DELHI,1
1954,NAME1954,5,DELHI,1
1955,NAME1955,8,DELHI,1
1956,NAME1956,19,DELHI,1
1957,NAME1957,8,DELHI,1
1958,NAME1958,11,DELHI,1
1959,NAME1959,7,DELHI,1
1960,NAME1960,19,DELHI,1
1961,NAME1961,4,DELHI,1
1962,NAME1962,20,DELHI,1
1963,NAME1963,13,DELHI,1
1964,NAME1964,13,DELHI,1
1965,NAME1965,4,DELHI,1
1966,NAME1966,11,DELHI,1
1967,NAME1967,21,DELHI,1
1968,NAME1968,7,DELHI,1
1969,NAME1969,20,DELHI,1
1970,NAME1970,14,DELHI,1
1971,NAME1971,19,DELHI,1
1972,NAME1972,6,DELHI,1
1973,NAME1973,12,DELHI,1
1974,NAME1974,14,DELHI,1
1975,NAME1975,4,DELHI,1
1976,NAME1976,10,DELHI,1
1977,NAME1977,7,DELHI,1
1978,NAME1978,9,DELHI,1
1979,NAME1979,5,DELHI,1
1980,NAME1980,21,DELHI,1
1981,NAME1981,20,DELHI,1
1982,NAME1982,13,DELHI,1
1983,NAME1983,20,DELHI,1
1984,NAME1984,19,DELHI,1
1985,NAME1985,16,DELHI,1
1986,NAME1986,5,DELHI,1
1987,NAME1987,8,DELHI,1
1988,NAME1988,14,DELHI,1
1989,NAME1989,11,DELHI,1
1990,NAME1990,20,DELHI,1
1991,NAME1991,21,DELHI,1
1992,NAME1992,14,DELHI,1
1993,NAME1993,7,DELHI,1
1994,NAME1994,5,DELHI,1
1995,NAME1995,4,DELHI,1
1996,NAME1996,11,DELHI,1
1997,NAME1997,19,DELHI,1
1998,NAME1998,10,DELHI,1
1999,NAME1999,14,DELHI,1
2000,NAME2000,5,DELHI,1
2001,NAME2001,5,DELHI,1
2002,NAME2002,20,DELHI,1
2003,NAME2003,5,DELHI,1
2004,NAME2004,14,DELHI,1
2005,NAME2005,11,DELHI,1
2006,NAME2006,19,DELHI,1
2007,NAME2007,19,DELHI,1
2008,NAME2008,16,DELHI,1
2009,NAME2009,16,DELHI,1
2010,NAME2010,19,DELHI,1
2011,NAME2011,18,DELHI,1
2012,NAME2012,6,DELHI,1
2013,NAME2013,13,DELHI,1
2014,NAME2014,19,DELHI,1
2015,NAME2015,18,DELHI,1
2016,NAME2016,15,DELHI,1
2017,NAME2017,18,DELHI,1
2018,NAME2018,13,DELHI,1
2019,NAME2019,10,DELHI,1
2020,NAME2020,9,DELHI,1
2021,NAME2021,4,DELHI,1
2022,NAME2022,5,DELHI,1
2023,NAME2023,14,DELHI,1
2024,NAME2024,7,DELHI,1
2025,NAME2025,14,DELHI,1
2026,NAME2026,20,DELHI,1
2027,NAME2027,4,DELHI,1
2028,NAME2028,19,DELHI,1
2029,NAME2029,5,DELHI,1
2030,NAME2030,13,DELHI,1
2031,NAME2031,11,DELHI,1
2032,NAME2032,11,DELHI,1
2033,NAME2033,17,DELHI,1
2034,NAME2034,16,DELHI,1
2035,NAME2035,12,DELHI,1
2036,NAME2036,13,DELHI,1
2037,NAME2037,11,DELHI,1
2038,NAME2038,8,DELHI,1
2039,NAME2039,19,DELHI,1
2040,NAME2040,20,DELHI,1
2041,NAME2041,14,DELHI,1
2042,NAME2042,17,DELHI,1
2043,NAME2043,17,DELHI,1
2044,NAME2044,7,DELHI,1
2045,NAME2045,14,DELHI,1
2046,NAME2046,5,DELHI,1
2047,NAME2047,13,DELHI,1
2048,NAME2048,7,DELHI,1
2049,NAME2049,16,DELHI,1
2050,NAME2050,5,DELHI,1
2051,NAME2051,6,DELHI,1
2052,NAME2052,7,DELHI,1
2053,NAME2053,14,DELHI,1
2054,NAME2054,9,DELHI,1
2055,NAME2055,17,DELHI,1
2056,NAME2056,4,DELHI,1
2057,NAME2057,6,DELHI,1
2058,NAME2058,13,DELHI,1
2059,NAME2059,20,DELHI,1
2060,NAME2060,7,DELHI,1
2061,NAME2061,14,DELHI,1
2062,NAME2062,17,DELHI,1
2063,NAME2063,9,DELHI,1
2064,NAME2064,11,DELHI,1
2065,NAME2065,4,DELHI,1
2066,NAME2066,21,DELHI,1
2067,NAME2067,18,DELHI,1
2068,NAME2068,21,DELHI,1
2069,NAME2069,5,DELHI,1
2070,NAME2070,16,DELHI,1
2071,NAME2071,18,DELHI,1
2072,NAME2072,16,DELHI,1
2073,NAME2073,11,DELHI,1
2074,NAME2074,4,DELHI,1
2075,NAME2075,15,DELHI,1
2076,NAME2076,17,DELHI,1
2077,NAME2077,17,DELHI,1
2078,NAME2078,15,DELHI,1
2079,NAME2079,8,DELHI,1
2080,NAME2080,14,DELHI,1
2081,NAME2081,11,DELHI,1
2082,NAME2082,7,DELHI,1
2083,NAME2083,20,DELHI,1
2084,NAME2084,12,DELHI,1
2085,NAME2085,5,DELHI,1
2086,NAME2086,12,DELHI,1
2087,NAME2087,18,DELHI,1
2088,NAME2088,13,DELHI,1
2089,NAME2089,6,DELHI,1
2090,NAME2090,17,DELHI,1
2091,NAME2091,18,DELHI,1
2092,NAME2092,12,DELHI,1
2093,NAME2093,10,DELHI,1
2094,NAME2094,6,DELHI,1
2095,NAME2095,15,DELHI,1
2096,NAME2096,9,DELHI,1
2097,NAME2097,12,DELHI,1
2098,NAME2098,14,DELHI,1
2099,NAME2099,9,DELHI,1
2100,NAME2100,20,DELHI,1
2101,NAME2101,16,DELHI,1
2102,NAME2102,20,DELHI,1
2103,NAME2103,4,DELHI,1
2104,NAME2104,9,DELHI,1
2105,NAME2105,11,DELHI,1
2106,NAME2106,8,DELHI,1
2107,NAME2107,4,DELHI,1
2108,NAME2108,18,DELHI,1
2109,NAME2109,17,DELHI,1
2110,NAME2110,21,DELHI,1
2111,NAME2111,11,DELHI,1
2112,NAME2112,7,DELHI,1
2113,NAME2113,4,DELHI,1
2114,NAME2114,14,DELHI,1
2115,NAME2115,16,DELHI,1
2116,NAME2116,12,DELHI,1
2117,NAME2117,9,DELHI,1
2118,NAME2118,6,DELHI,1
2119,NAME2119,13,DELHI,1
2120,NAME2120,6,DELHI,1
2121,NAME2121,10,DELHI,1
2122,NAME2122,8,DELHI,1
2123,NAME2123,9,DELHI,1
2124,NAME2124,6,DELHI,1
2125,NAME2125,5,DELHI,1
2126,NAME2126,14,DELHI,1
2127,NAME2127,13,DELHI,1
2128,NAME2128,4,DELHI,1
2129,NAME2129,20,DELHI,1
2130,NAME2130,13,DELHI,1
2131,NAME2131,17,DELHI,1
2132,NAME2132,16,DELHI,1
2133,NAME2133,8,DELHI,1
2134,NAME2134,11,DELHI,1
2135,NAME2135,12,DELHI,1
2136,NAME2136,7,DELHI,1
2137,NAME2137,14,DELHI,1
2138,NAME2138,5,DELHI,1
2139,NAME2139,19,DELHI,1
2140,NAME2140,7,DELHI,1
2141,NAME2141,21,DELHI,1
2142,NAME2142,6,DELHI,1
2143,NAME2143,6,DELHI,1
2144,NAME2144,18,DELHI,1
2145,NAME2145,12,DELHI,1
2146,NAME2146,15,DELHI,1
2147,NAME2147,6,DELHI,1
2148,NAME2148,4,DELHI,1
2149,NAME2149,6,DELHI,1
2150,NAME2150,17,DELHI,1
2151,NAME2151,16,DELHI,1
2152,NAME2152,7,DELHI,1
2153,NAME2153,12,DELHI,1
2154,NAME2154,20,DELHI,1
2155,NAME2155,19,DELHI,1
2156,NAME2156,7,DELHI,1
2157,NAME2157,18,DELHI,1
2158,NAME2158,13,DELHI,1
2159,NAME2159,21,DELHI,1
2160,NAME2160,12,DELHI,1
2161,NAME2161,20,DELHI,1
2162,NAME2162,8,DELHI,1
2163,NAME2163,5,DELHI,1
2164,NAME2164,19,DELHI,1
2165,NAME2165,6,DELHI,1
2166,NAME2166,7,DELHI,1
2167,NAME2167,5,DELHI,1
2168,NAME2168,5,DELHI,1
2169,NAME2169,14,DELHI,1
2170,NAME2170,14,DELHI,1
2171,NAME2171,5,DELHI,1
2172,NAME2172,8,DELHI,1
2173,NAME2173,6,DELHI,1
2174,NAME2174,9,DELHI,1
2175,NAME2175,12,DELHI,1
2176,NAME2176,12,DELHI,1
2177,NAME2177,15,DELHI,1
2178,NAME2178,8,DELHI,1
2179,NAME2179,14,DELHI,1
2180,NAME2180,6,DELHI,1
2181,NAME2181,10,DELHI,1
2182,NAME2182,13,DELHI,1
2183,NAME2183,16,DELHI,1
2184,NAME2184,18,DELHI,1
2185,NAME2185,18,DELHI,1
2186,NAME2186,6,DELHI,1
2187,NAME2187,5,DELHI,1
2188,NAME2188,4,DELHI,1
2189,NAME2189,9,DELHI,1
2190,NAME2190,19,DELHI,1
2191,NAME2191,17,DELHI,1
2192,NAME2192,13,DELHI,1
2193,NAME2193,18,DELHI,1
2194,NAME2194,12,DELHI,1
2195,NAME2195,17,DELHI,1
2196,NAME2196,13,DELHI,1
2197,NAME2197,17,DELHI,1
2198,NAME2198,8,DELHI,1
2199,NAME2199,19,DELHI,1
2200,NAME2200,7,DELHI,1
2201,NAME2201,19,DELHI,1
2202,NAME2202,19,DELHI,1
2203,NAME2203,10,DELHI,1
2204,NAME2204,21,DELHI,1
2205,NAME2205,12,DELHI,1
2206,NAME2206,14,DELHI,1
2207,NAME2207,11,DELHI,1
2208,NAME2208,12,DELHI,1
2209,NAME2209,13,DELHI,1
2210,NAME2210,16,DELHI,1
2211,NAME2211,10,DELHI,1
2212,NAME2212,11,DELHI,1
2213,NAME2213,9,DELHI,1
2214,NAME2214,10,DELHI,1
2215,NAME2215,4,DELHI,1
2216,NAME2216,18,DELHI,1
2217,NAME2217,5,DELHI,1
2218,NAME2218,21,DELHI,1
2219,NAME2219,7,DELHI,1
2220,NAME2220,20,DELHI,1
2221,NAME2221,21,DELHI,1
2222,NAME2222,18,DELHI,1
2223,NAME2223,20,DELHI,1
2224,NAME2224,17,DELHI,1
2225,NAME2225,20,DELHI,1
2226,NAME2226,10,DELHI,1
2227,NAME2227,14,DELHI,1
2228,NAME2228,20,DELHI,1
2229,NAME2229,14,DELHI,1
2230,NAME2230,11,DELHI,1
2231,NAME2231,14,DELHI,1
2232,NAME2232,16,DELHI,1
2233,NAME2233,14,DELHI,1
2234,NAME2234,5,DELHI,1
2235,NAME2235,9,DELHI,1
2236,NAME2236,11,DELHI,1
2237,NAME2237,19,DELHI,1
2238,NAME2238,21,DELHI,1
2239,NAME2239,17,DELHI,1
2240,NAME2240,7,DELHI,1
2241,NAME2241,10,DELHI,1
2242,NAME2242,20,DELHI,1
2243,NAME2243,20,DELHI,1
2244,NAME2244,6,DELHI,1
2245,NAME2245,14,DELHI,1
2246,NAME2246,11,DELHI,1
2247,NAME2247,8,DELHI,1
2248,NAME2248,9,DELHI,1
2249,NAME2249,5,DELHI,1
2250,NAME2250,17,DELHI,1
2251,NAME2251,9,DELHI,1
2252,NAME2252,5,DELHI,1
2253,NAME2253,10,DELHI,1
2254,NAME2254,16,DELHI,1
2255,NAME2255,9,DELHI,1
2256,NAME2256,7,DELHI,1
2257,NAME2257,18,DELHI,1
2258,NAME2258,18,DELHI,1
2259,NAME2259,13,DELHI,1
2260,NAME2260,9,DELHI,1
2261,NAME2261,15,DELHI,1
2262,NAME2262,11,DELHI,1
2263,NAME2263,14,DELHI,1
2264,NAME2264,9,DELHI,1
2265,NAME2265,19,DELHI,1
2266,NAME2266,18,DELHI,1
2267,NAME2267,7,DELHI,1
2268,NAME2268,8,DELHI,1
2269,NAME2269,12,DELHI,1
2270,NAME2270,16,DELHI,1
2271,NAME2271,17,DELHI,1
2272,NAME2272,10,DELHI,1
2273,NAME2273,21,DELHI,1
2274,NAME2274,7,DELHI,1
2275,NAME2275,4,DELHI,1
2276,NAME2276,13,DELHI,1
2277,NAME2277,19,DELHI,1
2278,NAME2278,19,DELHI,1
2279,NAME2279,19,DELHI,1
2280,NAME2280,17,DELHI,1
2281,NAME2281,18,DELHI,1
2282,NAME2282,17,DELHI,1
2283,NAME2283,15,DELHI,1
2284,NAME2284,21,DELHI,1
2285,NAME2285,13,DELHI,1
2286,NAME2286,9,DELHI,1
2287,NAME2287,7,DELHI,1
2288,NAME2288,13,DELHI,1
2289,NAME2289,6,DELHI,1
2290,NAME2290,13,DELHI,1
2291,NAME2291,5,DELHI,1
2292,NAME2292,5,DELHI,1
2293,NAME2293,20,DELHI,1
2294,NAME2294,13,DELHI,1
2295,NAME2295,7,DELHI,1
2296,NAME2296,6,DELHI,1
2297,NAME2297,4,DELHI,1
2298,NAME2298,5,DELHI,1
2299,NAME2299,18,DELHI,1
2300,NAME2300,17,DELHI,1
2301,NAME2301,16,DELHI,1
2302,NAME2302,4,DELHI,1
2303,NAME2303,19,DELHI,1
2304,NAME2304,21,DELHI,1
2305,NAME2305,19,DELHI,1
2306,NAME2306,8,DELHI,1
2307,NAME2307,5,DELHI,1
2308,NAME2308,4,DELHI,1
2309,NAME2309,11,DELHI,1
2310,NAME2310,21,DELHI,1
2311,NAME2311,11,DELHI,1
2312,NAME2312,7,DELHI,1
2313,NAME2313,4,DELHI,1
2314,NAME2314,18,DELHI,1
2315,NAME2315,10,DELHI,1
2316,NAME2316,20,DELHI,1
2317,NAME2317,14,DELHI,1
2318,NAME2318,9,DELHI,1
2319,NAME2319,11,DELHI,1
2320,NAME2320,12,DELHI,1
2321,NAME2321,20,DELHI,1
2322,NAME2322,10,DELHI,1
2323,NAME2323,15,DELHI,1
2324,NAME2324,11,DELHI,1
2325,NAME2325,10,DELHI,1
2326,NAME2326,10,DELHI,1
2327,NAME2327,16,DELHI,1
2328,NAME2328,19,DELHI,1
2329,NAME2329,13,DELHI,1
2330,NAME2330,5,DELHI,1
2331,NAME2331,21,DELHI,1
2332,NAME2332,14,DELHI,1
2333,NAME2333,8,DELHI,1
2334,NAME2334,5,DELHI,1
2335,NAME2335,20,DELHI,1
2336,NAME2336,12,DELHI,1
2337,NAME2337,19,DELHI,1
2338,NAME2338,11,DELHI,1
2339,NAME2339,14,DELHI,1
2340,NAME2340,12,DELHI,1
2341,NAME2341,17,DELHI,1
2342,NAME2342,21,DELHI,1
2343,NAME2343,19,DELHI,1
2344,NAME2344,13,DELHI,1
2345,NAME2345,17,DELHI,1
2346,NAME2346,5,DELHI,1
2347,NAME2347,18,DELHI,1
2348,NAME2348,14,DELHI,1
2349,NAME2349,12,DELHI,1
2350,NAME2350,12,DELHI,1
2351,NAME2351,9,DELHI,1
2352,NAME2352,18,DELHI,1
2353,NAME2353,20,DELHI,1
2354,NAME2354,7,DELHI,1
2355,NAME2355,5,DELHI,1
2356,NAME2356,7,DELHI,1
2357,NAME2357,18,DELHI,1
2358,NAME2358,10,DELHI,1
2359,NAME2359,6,DELHI,1
2360,NAME2360,9,DELHI,1
2361,NAME2361,21,DELHI,1
2362,NAME2362,5,DELHI,1
2363,NAME2363,9,DELHI,1
2364,NAME2364,20,DELHI,1
2365,NAME2365,9,DELHI,1
2366,NAME2366,7,DELHI,1
2367,NAME2367,10,DELHI,1
2368,NAME2368,17,DELHI,1
2369,NAME2369,7,DELHI,1
2370,NAME2370,15,DELHI,1
2371,NAME2371,10,DELHI,1
2372,NAME2372,6,DELHI,1
2373,NAME2373,14,DELHI,1
2374,NAME2374,15,DELHI,1
2375,NAME2375,4,DELHI,1
2376,NAME2376,13,DELHI,1
2377,NAME2377,12,DELHI,1
2378,NAME2378,19,DELHI,1
2379,NAME2379,15,DELHI,1
2380,NAME2380,21,DELHI,1
2381,NAME2381,11,DELHI,1
2382,NAME2382,4,DELHI,1
2383,NAME2383,16,DELHI,1
2384,NAME2384,6,DELHI,1
2385,NAME2385,6,DELHI,1
2386,NAME2386,12,DELHI,1
2387,NAME2387,15,DELHI,1
2388,NAME2388,9,DELHI,1
2389,NAME2389,4,DELHI,1
2390,NAME2390,7,DELHI,1
2391,NAME2391,19,DELHI,1
2392,NAME2392,13,DELHI,1
2393,NAME2393,19,DELHI,1
2394,NAME2394,7,DELHI,1
2395,NAME2395,7,DELHI,1
2396,NAME2396,6,DELHI,1
2397,NAME2397,19,DELHI,1
2398,NAME2398,14,DELHI,1
2399,NAME2399,20,DELHI,1
2400,NAME2400,18,DELHI,1
2401,NAME2401,7,DELHI,1
2402,NAME2402,6,DELHI,1
2403,NAME2403,14,DELHI,1
2404,NAME2404,4,DELHI,1
2405,NAME2405,13,DELHI,1
2406,NAME2406,9,DELHI,1
2407,NAME2407,8,DELHI,1
2408,NAME2408,15,DELHI,1
2409,NAME2409,21,DELHI,1
2410,NAME2410,18,DELHI,1
2411,NAME2411,9,DELHI,1
2412,NAME2412,14,DELHI,1
2413,NAME2413,7,DELHI,1
2414,NAME2414,15,DELHI,1
2415,NAME2415,9,DELHI,1
2416,NAME2416,6,DELHI,1
2417,NAME2417,20,DELHI,1
2418,NAME2418,19,DELHI,1
2419,NAME2419,13,DELHI,1
2420,NAME2420,18,DELHI,1
2421,NAME2421,10,DELHI,1
2422,NAME2422,8,DELHI,1
2423,NAME2423,5,DELHI,1
2424,NAME2424,12,DELHI,1
2425,NAME2425,21,DELHI,1
2426,NAME2426,11,DELHI,1
2427,NAME2427,17,DELHI,1
2428,NAME2428,7,DELHI,1
2429,NAME2429,15,DELHI,1
2430,NAME2430,11,DELHI,1
2431,NAME2431,10,DELHI,1
2432,NAME2432,13,DELHI,1
2433,NAME2433,17,DELHI,1
2434,NAME2434,4,DELHI,1
2435,NAME2435,21,DELHI,1
2436,NAME2436,7,DELHI,1
2437,NAME2437,9,DELHI,1
2438,NAME2438,10,DELHI,1
2439,NAME2439,7,DELHI,1
2440,NAME2440,16,DELHI,1
2441,NAME2441,7,DELHI,1
2442,NAME2442,20,DELHI,1
2443,NAME2443,10,DELHI,1
2444,NAME2444,15,DELHI,1
2445,NAME2445,6,DELHI,1
2446,NAME2446,10,DELHI,1
2447,NAME2447,20,DELHI,1
2448,NAME2448,13,DELHI,1
2449,NAME2449,15,DELHI,1
2450,NAME2450,11,DELHI,1
2451,NAME2451,19,DELHI,1
2452,NAME2452,6,DELHI,1
2453,NAME2453,21,DELHI,1
2454,NAME2454,16,DELHI,1
2455,NAME2455,9,DELHI,1
2456,NAME2456,7,DELHI,1
2457,NAME2457,15,DELHI,1
2458,NAME2458,10,DELHI,1
2459,NAME2459,9,DELHI,1
2460,NAME2460,11,DELHI,1
2461,NAME2461,19,DELHI,1
2462,NAME2462,9,DELHI,1
2463,NAME2463,6,DELHI,1
2464,NAME2464,7,DELHI,1
2465,NAME2465,17,DELHI,1
2466,NAME2466,14,DELHI,1
2467,NAME2467,10,DELHI,1
2468,NAME2468,7,DELHI,1
2469,NAME2469,12,DELHI,1
2470,NAME2470,6,DELHI,1
2471,NAME2471,16,DELHI,1
2472,NAME2472,16,DELHI,1
2473,NAME2473,11,DELHI,1
2474,NAME2474,13,DELHI,1
2475,NAME2475,9,DELHI,1
2476,NAME2476,8,DELHI,1
2477,NAME2477,13,DELHI,1
2478,NAME2478,14,DELHI,1
2479,NAME2479,6,DELHI,1
2480,NAME2480,8,DELHI,1
2481,NAME2481,18,DELHI,1
2482,NAME2482,19,DELHI,1
2483,NAME2483,15,DELHI,1
2484,NAME2484,5,DELHI,1
2485,NAME2485,20,DELHI,1
2486,NAME2486,12,DELHI,1
2487,NAME2487,5,DELHI,1
2488,NAME2488,5,DELHI,1
2489,NAME2489,17,DELHI,1
2490,NAME2490,7,DELHI,1
2491,NAME2491,12,DELHI,1
2492,NAME2492,4,DELHI,1
2493,NAME2493,17,DELHI,1
2494,NAME2494,20,DELHI,1
2495,NAME2495,13,DELHI,1
2496,NAME2496,11,DELHI,1
2497,NAME2497,5,DELHI,1
2498,NAME2498,12,DELHI,1
2499,NAME2499,6,DELHI,1
